timestamp,map_server,amcl,controller_server,smoother_server,planner_server,behavior_server,bt_navigator,velocity_smoother
2025-06-02T11:51:43.995422,0.0,0.0,0.0,0.0,0.0,0.0,0.0,0.0
2025-06-02T11:51:44.999900,7.0,7.0,7.0,8.0,6.0,8.0,6.0,5.9
2025-06-02T11:51:46.009504,5.0,11.9,9.9,8.9,9.9,8.9,8.9,5.0
2025-06-02T11:51:47.010137,6.0,8.0,13.0,7.0,7.0,5.0,8.0,5.0
2025-06-02T11:51:48.010598,8.0,10.0,16.0,8.0,12.0,8.0,10.0,6.0
2025-06-02T11:51:49.011362,6.0,7.0,16.0,7.0,10.0,6.0,8.0,5.0
2025-06-02T11:51:50.012768,5.0,8.0,10.0,7.0,9.0,6.0,11.0,4.0
2025-06-02T11:51:51.013498,5.0,8.0,10.0,6.0,7.0,5.0,6.0,4.0
2025-06-02T11:51:52.015821,4.0,7.0,10.0,6.0,10.0,7.0,6.0,4.0
2025-06-02T11:51:53.018442,8.0,8.0,11.0,9.0,11.0,10.0,26.9,7.0
2025-06-02T11:51:54.020004,6.0,10.0,13.0,8.0,10.0,10.0,12.0,6.0
2025-06-02T11:51:55.021044,5.0,8.0,10.0,7.0,10.0,8.0,11.0,5.0
2025-06-02T11:51:56.022409,6.0,8.0,11.0,7.0,10.0,8.0,11.0,5.0
2025-06-02T11:51:57.022893,5.0,8.0,11.0,7.0,10.0,10.0,11.0,7.0
2025-06-02T11:51:58.023440,5.0,8.0,11.0,8.0,9.0,8.0,11.0,4.0
2025-06-02T11:51:59.023963,6.0,8.0,12.0,7.0,10.0,9.0,11.0,6.0
2025-06-02T11:52:00.024436,6.0,10.0,10.0,7.0,10.0,9.0,11.0,5.0
2025-06-02T11:52:01.026159,5.0,8.0,11.0,8.0,10.0,8.0,11.0,6.0
2025-06-02T11:52:02.027095,5.0,8.0,12.0,6.0,9.0,8.0,11.0,5.0
2025-06-02T11:52:03.029126,6.0,8.0,11.0,9.0,11.0,10.0,10.0,6.0
2025-06-02T11:52:04.030889,6.0,9.0,11.0,7.0,10.0,9.0,11.0,5.0
2025-06-02T11:52:05.031570,5.0,9.0,11.0,8.0,10.0,11.0,11.0,5.0
2025-06-02T11:52:06.032332,6.0,9.0,12.0,8.0,11.0,10.0,11.0,6.0
2025-06-02T11:52:07.032948,5.0,9.0,12.0,7.0,10.0,10.0,11.0,5.0
2025-06-02T11:52:08.033852,5.0,8.0,11.0,8.0,11.0,10.0,10.0,5.0
2025-06-02T11:52:09.035951,6.0,9.0,12.0,8.0,11.0,10.0,11.0,6.0
2025-06-02T11:52:10.036483,5.0,9.0,12.0,8.0,10.0,10.0,11.0,6.0
2025-06-02T11:52:11.037970,5.0,8.0,10.0,7.0,11.0,10.0,11.0,5.0
2025-06-02T11:52:12.039161,6.0,9.0,12.0,8.0,10.0,10.0,11.0,5.0
2025-06-02T11:52:13.039588,5.0,8.0,12.0,8.0,11.0,10.0,10.0,6.0
2025-06-02T11:52:14.040081,5.0,8.0,10.0,8.0,10.0,10.0,11.0,5.0
2025-06-02T11:52:15.041514,6.0,8.0,17.0,8.0,11.0,10.0,16.0,6.0
2025-06-02T11:52:16.044159,5.0,8.0,16.0,7.0,11.0,10.0,17.0,6.0
2025-06-02T11:52:17.046456,5.0,8.0,16.0,7.0,11.0,9.0,17.0,5.0
2025-06-02T11:52:18.048135,6.0,8.0,18.0,8.0,11.0,10.0,18.0,7.0
2025-06-02T11:52:19.050775,5.0,8.0,16.0,8.0,9.0,9.0,16.0,5.0
2025-06-02T11:52:20.051515,5.0,8.0,16.0,7.0,11.0,11.0,18.0,6.0
2025-06-02T11:52:21.052603,6.0,8.0,17.0,8.0,11.0,9.0,18.0,5.0
2025-06-02T11:52:22.053195,5.0,8.0,17.0,7.0,11.0,10.0,17.0,6.0
2025-06-02T11:52:23.055098,5.0,8.0,17.0,8.0,10.0,10.0,18.0,6.0
2025-06-02T11:52:24.056244,5.0,8.0,17.0,7.0,11.0,10.0,17.0,6.0
2025-06-02T11:52:25.057853,6.0,8.0,16.0,8.0,11.0,10.0,17.0,6.0
2025-06-02T11:52:26.059057,5.0,8.0,17.0,7.0,11.0,9.0,18.0,5.0
2025-06-02T11:52:27.060191,5.0,9.0,18.0,8.0,11.0,10.0,17.0,6.0
2025-06-02T11:52:28.061321,6.0,7.0,16.0,7.0,11.0,9.0,18.0,6.0
2025-06-02T11:52:29.061886,5.0,8.0,16.0,7.0,10.0,10.0,17.0,6.0
2025-06-02T11:52:30.062546,5.0,9.0,17.0,8.0,11.0,9.0,18.0,6.0
2025-06-02T11:52:31.064589,5.0,8.0,17.0,7.0,10.0,10.0,17.0,5.0
2025-06-02T11:52:32.065062,6.0,8.0,16.0,7.0,10.0,10.0,17.0,6.0
2025-06-02T11:52:33.066097,5.0,8.0,17.0,8.0,10.0,10.0,18.0,6.0
2025-06-02T11:52:34.066962,5.0,8.0,17.0,8.0,11.0,9.0,17.0,6.0
2025-06-02T11:52:35.067683,5.0,9.0,15.9,7.0,10.0,10.0,16.9,5.0
2025-06-02T11:52:36.071867,6.0,8.0,15.9,8.0,12.0,10.0,17.9,6.0
2025-06-02T11:52:37.075506,5.0,9.0,17.0,7.0,9.0,9.0,17.0,6.0
2025-06-02T11:52:38.077770,5.0,7.0,17.0,8.0,12.0,10.0,17.0,6.0
2025-06-02T11:52:39.078583,6.0,9.0,17.0,7.0,10.0,10.0,18.0,6.0
2025-06-02T11:52:40.081164,5.0,8.0,16.0,7.0,11.0,9.0,16.9,5.0
2025-06-02T11:52:41.083033,5.0,7.0,16.0,8.0,10.0,10.0,17.0,6.0
2025-06-02T11:52:42.084417,5.0,10.0,17.0,7.0,10.0,10.0,18.0,6.0
2025-06-02T11:52:43.086687,6.0,7.0,17.0,8.0,11.0,9.0,18.0,6.0
2025-06-02T11:52:44.088124,6.0,9.0,17.0,7.0,12.0,11.0,17.0,5.0
2025-06-02T11:52:45.088765,5.0,8.0,17.0,7.0,11.0,9.0,17.0,6.0
2025-06-02T11:52:46.090236,5.0,8.0,16.0,8.0,10.0,10.0,17.0,6.0
2025-06-02T11:52:47.091785,5.0,9.0,16.0,7.0,10.0,9.0,17.0,5.0
2025-06-02T11:52:48.092406,5.0,8.0,17.0,8.0,11.0,10.0,18.0,6.0
2025-06-02T11:52:49.093008,6.0,9.0,16.0,8.0,11.0,10.0,17.0,6.0
2025-06-02T11:52:50.094750,5.0,8.0,17.0,7.0,11.0,9.0,17.0,6.0
2025-06-02T11:52:51.096836,6.0,8.0,17.0,7.0,10.0,10.0,17.0,6.0
2025-06-02T11:52:52.100258,5.0,7.0,15.9,8.0,11.0,10.0,17.0,5.0
2025-06-02T11:52:53.100894,5.0,9.0,17.0,7.0,10.0,9.0,17.0,6.0
2025-06-02T11:52:54.102467,5.0,8.0,17.0,7.0,11.0,10.0,17.0,6.0
2025-06-02T11:52:55.103970,5.0,8.0,16.0,8.0,10.0,9.0,17.0,6.0
2025-06-02T11:52:56.104597,5.0,8.0,16.0,6.0,11.0,9.0,17.0,6.0
2025-06-02T11:52:57.105725,6.0,9.0,18.0,8.0,11.0,10.0,18.0,6.0
2025-06-02T11:52:58.108948,5.0,8.0,16.0,8.0,10.0,10.0,15.9,4.0
2025-06-02T11:52:59.110754,5.0,8.0,16.0,7.0,11.0,10.0,18.0,6.0
2025-06-02T11:53:00.111896,6.0,8.0,17.0,8.0,11.0,9.0,17.0,6.0
2025-06-02T11:53:01.114070,5.0,8.0,17.0,7.0,11.0,10.0,17.0,6.0
2025-06-02T11:53:02.116245,5.0,8.0,17.0,8.0,10.0,9.0,17.0,6.0
2025-06-02T11:53:03.116938,6.0,9.0,17.0,8.0,11.0,11.0,17.0,6.0
2025-06-02T11:53:04.118336,5.0,7.0,17.0,7.0,10.0,9.0,17.0,6.0
2025-06-02T11:53:05.119019,5.0,9.0,16.0,7.0,10.0,9.0,17.0,5.0
2025-06-02T11:53:06.120135,6.0,8.0,17.0,8.0,11.0,10.0,17.0,7.0
2025-06-02T11:53:07.121415,4.0,8.0,16.0,7.0,10.0,10.0,17.0,5.0
2025-06-02T11:53:08.122586,6.0,8.0,17.0,7.0,11.0,9.0,18.0,5.0
2025-06-02T11:53:09.123446,5.0,8.0,16.0,8.0,10.0,11.0,16.0,7.0
2025-06-02T11:53:10.123900,6.0,9.0,16.0,7.0,11.0,9.0,17.0,6.0
2025-06-02T11:53:11.124368,5.0,7.0,17.0,8.0,10.0,9.0,17.0,5.0
2025-06-02T11:53:12.125651,5.0,9.0,18.0,7.0,11.0,10.0,18.0,6.0
2025-06-02T11:53:13.127127,5.0,8.0,15.0,7.0,10.0,10.0,17.0,5.0
2025-06-02T11:53:14.127657,5.0,8.0,18.0,8.0,11.0,10.0,16.0,6.0
2025-06-02T11:53:15.128117,6.0,9.0,16.0,7.0,11.0,9.0,18.0,6.0
2025-06-02T11:53:16.128575,5.0,8.0,17.0,8.0,10.0,9.0,16.0,5.0
2025-06-02T11:53:17.129063,5.0,8.0,16.0,7.0,10.0,10.0,16.0,7.0
2025-06-02T11:53:18.130096,6.0,7.0,17.0,7.0,12.0,9.0,18.0,5.0
2025-06-02T11:53:19.131012,4.0,9.0,16.0,8.0,11.0,10.0,16.0,6.0
2025-06-02T11:53:20.131663,6.0,8.0,16.0,8.0,10.0,10.0,18.0,5.0
2025-06-02T11:53:21.134051,5.0,8.0,18.0,7.0,11.0,9.0,16.0,6.0
2025-06-02T11:53:22.134607,6.0,9.0,16.0,8.0,11.0,10.0,18.0,6.0
2025-06-02T11:53:23.135177,4.0,8.0,16.0,7.0,10.0,9.0,17.0,6.0
2025-06-02T11:53:24.135597,7.0,8.0,17.0,7.0,11.0,11.0,16.0,6.0
2025-06-02T11:53:25.136002,4.0,8.0,17.0,8.0,10.0,9.0,17.0,5.0
2025-06-02T11:53:26.138714,5.0,9.0,16.0,7.0,11.0,10.0,17.0,6.0
2025-06-02T11:53:27.139223,6.0,7.0,17.0,7.0,10.0,9.0,17.0,5.0
2025-06-02T11:53:28.139721,5.0,8.0,17.0,8.0,11.0,9.0,17.0,6.0
2025-06-02T11:53:29.140592,5.0,9.0,16.0,7.0,10.0,11.0,17.0,6.0
2025-06-02T11:53:30.142491,5.0,7.0,16.0,7.0,11.0,10.0,17.0,6.0
2025-06-02T11:53:31.144422,5.0,9.0,17.0,7.0,11.0,9.0,16.0,5.0
2025-06-02T11:53:32.144993,6.0,8.0,16.0,8.0,10.0,9.0,18.0,6.0
2025-06-02T11:53:33.146343,5.0,9.0,17.0,8.0,11.0,10.0,17.0,7.0
2025-06-02T11:53:34.147147,6.0,8.0,16.0,7.0,10.0,10.0,16.0,5.0
2025-06-02T11:53:35.147740,5.0,8.0,17.0,8.0,11.0,10.0,17.0,6.0
2025-06-02T11:53:36.149034,5.0,9.0,16.0,7.0,10.0,9.0,18.0,6.0
2025-06-02T11:53:37.149688,5.0,8.0,17.0,8.0,11.0,9.0,16.0,5.0
2025-06-02T11:53:38.150923,6.0,10.0,17.0,7.0,10.0,11.0,17.0,6.0
2025-06-02T11:53:39.152585,5.0,7.0,16.0,8.0,11.0,10.0,17.0,6.0
2025-06-02T11:53:40.154264,5.0,8.0,17.0,8.0,11.0,9.0,16.0,6.0
2025-06-02T11:53:41.154938,5.0,8.0,16.0,7.0,10.0,10.0,18.0,6.0
2025-06-02T11:53:42.155901,6.0,8.0,17.0,8.0,10.0,9.0,16.0,6.0
2025-06-02T11:53:43.157458,5.0,9.0,16.0,6.0,11.0,10.0,18.0,5.0
2025-06-02T11:53:44.158080,5.0,7.0,17.0,8.0,11.0,9.0,16.0,5.0
2025-06-02T11:53:45.159258,6.0,9.0,16.0,8.0,11.0,11.0,18.0,7.0
2025-06-02T11:53:46.161860,5.0,8.0,17.0,7.0,10.0,9.0,17.0,5.0
2025-06-02T11:53:47.162834,5.0,8.0,16.0,8.0,11.0,10.0,17.0,6.0
2025-06-02T11:53:48.163607,6.0,8.0,18.0,7.0,11.0,10.0,17.0,7.0
2025-06-02T11:53:49.165284,5.0,9.0,16.0,7.0,10.0,10.0,17.0,5.0
2025-06-02T11:53:50.166164,6.0,8.0,17.0,8.0,11.0,9.0,16.0,6.0
2025-06-02T11:53:51.166753,5.0,9.0,16.0,7.0,11.0,10.0,18.0,5.0
2025-06-02T11:53:52.168063,5.0,7.0,17.0,8.0,11.0,10.0,17.0,6.0
2025-06-02T11:53:53.170551,5.0,9.0,17.0,7.0,11.0,10.0,17.0,6.0
2025-06-02T11:53:54.172867,6.0,8.0,17.0,9.0,10.0,10.0,17.0,5.0
2025-06-02T11:53:55.175194,5.0,8.0,16.0,7.0,10.0,9.0,16.9,7.0
2025-06-02T11:53:56.177627,5.0,8.0,17.0,7.0,11.0,10.0,17.0,5.0
2025-06-02T11:53:57.178121,6.0,8.0,17.0,8.0,11.0,10.0,17.0,6.0
2025-06-02T11:53:58.178814,5.0,8.0,16.0,7.0,10.0,10.0,16.0,6.0
2025-06-02T11:53:59.179474,6.0,9.0,16.0,8.0,10.0,9.0,18.0,5.0
2025-06-02T11:54:00.181049,5.0,8.0,17.0,8.0,11.0,10.0,17.0,7.0
2025-06-02T11:54:01.182229,5.0,8.0,18.0,7.0,11.0,10.0,17.0,6.0
2025-06-02T11:54:02.182775,6.0,9.0,16.0,8.0,10.0,10.0,16.0,6.0
2025-06-02T11:54:03.184106,5.0,9.0,17.0,7.0,12.0,10.0,18.0,5.0
2025-06-02T11:54:04.185709,6.0,8.0,16.0,7.0,10.0,10.0,17.0,6.0
2025-06-02T11:54:05.186437,5.0,8.0,16.0,8.0,11.0,10.0,16.0,6.0
2025-06-02T11:54:06.187927,6.0,8.0,17.0,8.0,10.0,10.0,18.0,6.0
2025-06-02T11:54:07.190659,4.0,9.0,17.0,7.0,11.0,10.0,17.0,5.0
2025-06-02T11:54:08.193516,6.0,9.0,17.0,7.0,10.0,9.0,17.0,6.0
2025-06-02T11:54:09.194869,5.0,7.0,17.0,8.0,10.0,10.0,16.0,6.0
2025-06-02T11:54:10.197043,5.0,8.0,16.0,7.0,11.0,9.0,17.0,6.0
2025-06-02T11:54:11.197726,5.0,9.0,17.0,8.0,11.0,11.0,17.0,5.0
2025-06-02T11:54:12.199617,6.0,7.0,17.0,7.0,10.0,9.0,16.0,6.0
2025-06-02T11:54:13.200212,5.0,9.0,16.0,8.0,10.0,10.0,17.0,6.0
2025-06-02T11:54:14.201681,6.0,8.0,16.0,8.0,11.0,10.0,17.0,6.0
2025-06-02T11:54:15.203878,5.0,9.0,17.0,7.0,11.0,10.0,17.0,5.0
2025-06-02T11:54:16.204569,5.0,8.0,17.0,8.0,10.0,10.0,16.0,6.0
2025-06-02T11:54:17.205256,6.0,10.0,17.0,7.0,11.0,9.0,18.0,6.0
2025-06-02T11:54:18.206475,5.0,7.0,17.0,8.0,11.0,10.0,16.0,6.0
2025-06-02T11:54:19.207550,5.0,9.0,16.0,7.0,10.0,10.0,17.0,6.0
2025-06-02T11:54:20.208825,6.0,8.0,16.0,7.0,10.0,10.0,17.0,6.0
2025-06-02T11:54:21.209364,5.0,8.0,16.0,7.0,11.0,9.0,16.0,5.0
2025-06-02T11:54:22.209789,4.0,8.0,17.0,8.0,11.0,10.0,17.0,5.0
2025-06-02T11:54:23.211049,6.0,9.0,16.0,7.0,11.0,10.0,17.0,7.0
2025-06-02T11:54:24.211910,6.0,8.0,17.0,8.0,10.0,9.0,16.0,5.0
2025-06-02T11:54:25.212558,5.0,8.0,17.0,8.0,10.0,10.0,17.0,6.0
2025-06-02T11:54:26.213686,6.0,9.0,16.0,7.0,11.0,10.0,16.0,6.0
2025-06-02T11:54:27.214229,5.0,7.0,17.0,7.0,10.0,9.0,17.0,6.0
2025-06-02T11:54:28.214835,5.0,9.0,16.0,8.0,11.0,10.0,17.0,6.0
2025-06-02T11:54:29.216342,5.0,8.0,17.0,7.0,10.0,9.0,17.0,5.0
2025-06-02T11:54:30.217480,5.0,9.0,17.0,7.0,11.0,11.0,16.0,6.0
2025-06-02T11:54:31.219197,6.0,7.0,16.0,8.0,10.0,9.0,17.0,6.0
2025-06-02T11:54:32.222694,4.0,10.0,15.9,7.0,11.0,10.0,16.9,6.0
2025-06-02T11:54:33.225104,6.0,8.0,17.0,8.0,11.0,10.0,17.0,6.0
2025-06-02T11:54:34.225903,6.0,8.0,17.0,8.0,11.0,10.0,16.0,6.0
2025-06-02T11:54:35.226510,5.0,8.0,16.0,7.0,10.0,9.0,16.0,5.0
2025-06-02T11:54:36.227122,5.0,10.0,16.0,7.0,11.0,10.0,17.0,6.0
2025-06-02T11:54:37.227616,5.0,7.0,17.0,8.0,10.0,10.0,17.0,5.0
2025-06-02T11:54:38.228351,6.0,8.0,17.0,7.0,11.0,10.0,16.0,6.0
2025-06-02T11:54:39.228950,5.0,8.0,16.0,8.0,10.0,9.0,16.0,6.0
2025-06-02T11:54:40.229977,5.0,9.0,16.0,8.0,10.0,9.0,17.0,6.0
2025-06-02T11:54:41.231656,6.0,8.0,17.0,7.0,11.0,11.0,16.0,6.0
2025-06-02T11:54:42.233101,5.0,8.0,16.0,7.0,10.0,9.0,17.0,6.0
2025-06-02T11:54:43.233764,6.0,8.0,16.0,7.0,10.0,10.0,16.0,5.0
2025-06-02T11:54:44.234835,5.0,8.0,18.0,8.0,11.0,10.0,17.0,6.0
2025-06-02T11:54:45.237347,5.0,10.0,17.0,8.0,11.0,10.0,17.0,6.0
2025-06-02T11:54:46.237851,5.0,8.0,15.0,7.0,10.0,9.0,17.0,5.0
2025-06-02T11:54:47.239027,6.0,8.0,17.0,7.0,10.0,10.0,16.0,6.0
2025-06-02T11:54:48.239888,5.0,8.0,17.0,8.0,11.0,10.0,17.0,7.0
2025-06-02T11:54:49.240431,6.0,9.0,16.0,7.0,11.0,10.0,15.0,5.0
2025-06-02T11:54:50.243173,4.0,8.0,17.0,8.0,10.0,9.0,17.0,5.0
2025-06-02T11:54:51.246777,6.0,8.0,15.9,7.0,11.0,10.0,16.9,6.0
2025-06-02T11:54:52.247307,5.0,8.0,17.0,8.0,10.0,10.0,17.0,6.0
2025-06-02T11:54:53.247740,6.0,9.0,16.0,7.0,11.0,9.0,16.0,6.0
2025-06-02T11:54:54.248455,5.0,8.0,16.0,8.0,11.0,10.0,16.0,6.0
2025-06-02T11:54:55.249468,5.0,8.0,17.0,8.0,10.0,9.0,17.0,6.0
2025-06-02T11:54:56.250627,5.0,10.0,16.0,7.0,10.0,10.0,17.0,6.0
2025-06-02T11:54:57.251713,6.0,7.0,17.0,7.0,11.0,10.0,16.0,6.0
2025-06-02T11:54:58.252341,5.0,10.0,16.0,8.0,10.0,9.0,16.0,5.0
2025-06-02T11:54:59.252844,6.0,7.0,16.0,7.0,11.0,10.0,17.0,6.0
2025-06-02T11:55:00.253552,5.0,8.0,17.0,7.0,10.0,10.0,16.0,6.0
2025-06-02T11:55:01.255061,6.0,9.0,17.0,8.0,11.0,9.0,17.0,6.0
2025-06-02T11:55:02.255886,4.0,7.0,16.0,7.0,11.0,9.0,15.9,5.0
2025-06-02T11:55:03.259793,6.0,9.0,16.0,8.0,10.0,11.0,17.0,6.0
2025-06-02T11:55:04.261661,5.0,8.0,17.0,7.0,11.0,9.0,14.9,6.0
2025-06-02T11:55:05.264907,6.0,9.0,16.9,7.0,10.0,10.0,17.0,5.0
2025-06-02T11:55:06.266316,5.0,8.0,16.0,7.0,10.0,10.0,16.0,6.0
2025-06-02T11:55:07.267136,5.0,8.0,16.0,9.0,10.0,9.0,15.9,6.0
2025-06-02T11:55:08.272556,6.0,7.9,16.9,6.9,10.9,10.0,15.9,6.0
2025-06-02T11:55:09.275901,4.0,8.0,17.0,8.0,11.0,9.0,17.0,6.0
2025-06-02T11:55:10.277665,6.0,9.0,16.0,7.0,10.0,10.0,16.0,5.0
2025-06-02T11:55:11.278566,5.0,7.0,17.0,7.0,10.0,9.0,17.0,6.0
2025-06-02T11:55:12.279406,6.0,10.0,17.0,8.0,11.0,10.0,17.0,6.0
2025-06-02T11:55:13.280229,5.0,8.0,16.0,7.0,10.0,10.0,16.0,6.0
2025-06-02T11:55:14.281249,5.0,8.0,16.0,7.0,11.0,10.0,16.0,5.0
2025-06-02T11:55:15.282744,6.0,8.0,17.0,8.0,10.0,9.0,16.0,6.0
2025-06-02T11:55:16.283420,5.0,8.0,16.0,7.0,10.0,10.0,16.0,6.0
2025-06-02T11:55:17.283977,5.0,9.0,17.0,7.0,11.0,9.0,16.0,6.0
2025-06-02T11:55:18.285647,5.0,7.0,17.0,8.0,10.0,10.0,17.0,5.0
2025-06-02T11:55:19.286861,5.0,9.0,15.0,7.0,10.0,9.0,16.0,6.0
2025-06-02T11:55:20.288086,6.0,8.0,17.0,8.0,11.0,10.0,16.0,5.0
2025-06-02T11:55:21.290050,5.0,9.0,17.0,7.0,10.0,10.0,17.0,7.0
2025-06-02T11:55:22.290739,5.0,8.0,16.0,8.0,11.0,10.0,16.0,5.0
2025-06-02T11:55:23.291288,6.0,8.0,16.0,7.0,10.0,9.0,16.0,7.0
2025-06-02T11:55:24.294936,5.0,9.0,16.9,7.0,11.0,10.0,16.9,5.0
2025-06-02T11:55:25.296389,5.0,8.0,16.0,8.0,10.0,9.0,16.0,6.0
2025-06-02T11:55:26.298126,6.0,8.0,16.0,8.0,11.0,10.0,15.0,5.0
2025-06-02T11:55:27.301561,5.0,8.0,17.9,6.0,10.9,10.0,16.9,6.0
2025-06-02T11:55:28.304862,5.0,8.0,15.0,8.0,10.0,10.0,17.0,5.0
2025-06-02T11:55:29.305406,5.0,9.0,17.0,8.0,10.0,9.0,15.0,7.0
2025-06-02T11:55:30.305961,6.0,8.0,17.0,7.0,11.0,10.0,17.0,6.0
2025-06-02T11:55:31.307224,5.0,9.0,16.0,8.0,11.0,10.0,16.0,5.0
2025-06-02T11:55:32.307972,6.0,7.0,17.0,7.0,10.0,10.0,16.0,6.0
2025-06-02T11:55:33.308570,4.0,9.0,17.0,7.0,10.0,9.0,16.0,6.0
2025-06-02T11:55:34.309055,5.0,9.0,16.0,8.0,11.0,10.0,15.0,5.0
2025-06-02T11:55:35.310310,6.0,8.0,17.0,7.0,10.0,10.0,17.0,7.0
2025-06-02T11:55:36.310912,5.0,9.0,16.0,8.0,11.0,10.0,16.0,5.0
2025-06-02T11:55:37.312252,6.0,7.0,17.0,7.0,10.0,9.0,17.0,5.0
2025-06-02T11:55:38.313513,4.0,7.0,16.0,7.0,10.0,10.0,15.0,7.0
2025-06-02T11:55:39.316422,6.0,9.0,17.0,8.0,11.0,9.0,17.0,5.0
2025-06-02T11:55:40.317230,6.0,9.0,16.0,7.0,10.0,10.0,15.0,6.0
2025-06-02T11:55:41.318373,5.0,8.0,17.0,7.0,11.0,10.0,17.0,6.0
2025-06-02T11:55:42.318894,5.0,8.0,16.0,8.0,11.0,9.0,16.0,5.0
2025-06-02T11:55:43.319458,6.0,7.0,16.0,7.0,10.0,9.0,17.0,6.0
2025-06-02T11:55:44.319925,4.0,10.0,17.0,7.0,11.0,10.0,16.0,6.0
2025-06-02T11:55:45.325713,6.0,8.0,16.9,8.9,9.9,9.9,15.9,7.0
2025-06-02T11:55:46.328125,6.0,7.0,16.0,6.0,11.0,10.0,16.0,5.0
2025-06-02T11:55:47.331196,4.0,10.0,17.0,8.0,11.0,10.0,16.0,6.0
2025-06-02T11:55:48.332094,7.0,7.0,17.0,7.0,10.0,10.0,17.0,6.0
2025-06-02T11:55:49.332983,4.0,8.0,16.0,8.0,10.0,9.0,15.0,5.0
2025-06-02T11:55:50.337205,6.0,9.0,15.9,8.0,11.0,10.0,15.9,6.0
2025-06-02T11:55:51.338478,4.0,7.0,17.0,7.0,10.0,9.0,17.0,6.0
2025-06-02T11:55:52.339341,6.0,9.0,16.0,7.0,11.0,10.0,15.0,5.0
2025-06-02T11:55:53.341394,5.0,9.0,17.0,8.0,10.0,10.0,16.0,6.0
2025-06-02T11:55:54.343853,6.0,7.0,17.0,7.0,11.0,10.0,16.0,6.0
2025-06-02T11:55:55.345000,5.0,9.0,16.0,8.0,11.0,9.0,16.0,6.0
2025-06-02T11:55:56.346159,5.0,9.0,17.0,8.0,11.0,10.0,17.0,6.0
2025-06-02T11:55:57.348385,5.0,8.0,16.9,7.0,10.0,10.0,16.9,5.0
2025-06-02T11:55:58.352996,6.0,9.0,17.0,7.0,11.0,10.0,15.0,6.0
2025-06-02T11:55:59.353521,6.0,8.0,16.0,8.0,10.0,10.0,17.0,6.0
2025-06-02T11:56:00.355492,5.0,9.0,17.0,7.0,10.0,9.0,16.0,6.0
2025-06-02T11:56:01.356431,6.0,9.0,17.0,8.0,12.0,11.0,17.0,6.0
2025-06-02T11:56:02.359361,4.0,8.0,18.0,8.0,11.0,10.0,17.0,6.0
2025-06-02T11:56:03.361885,6.0,10.0,17.0,8.0,11.0,10.0,16.0,5.0
2025-06-02T11:56:04.364702,6.0,7.0,17.0,8.0,11.0,10.0,17.0,6.0
2025-06-02T11:56:05.365197,5.0,10.0,16.0,7.0,10.0,10.0,17.0,6.0
2025-06-02T11:56:06.366086,5.0,7.0,16.0,7.0,11.0,9.0,16.0,7.0
2025-06-02T11:56:07.368724,6.0,10.0,18.0,8.0,12.0,10.0,17.0,5.0
2025-06-02T11:56:08.371456,6.0,8.0,17.0,9.0,11.0,11.0,17.0,6.0
2025-06-02T11:56:09.372845,5.0,9.0,18.0,7.0,11.0,10.0,16.0,6.0
2025-06-02T11:56:10.375243,5.0,8.0,16.0,8.0,11.0,10.0,17.0,6.0
2025-06-02T11:56:11.377157,5.0,9.0,17.0,8.0,11.0,10.0,16.0,6.0
2025-06-02T11:56:12.379295,6.0,8.0,16.0,7.0,10.0,9.0,16.0,5.0
2025-06-02T11:56:13.380483,5.0,8.0,18.0,7.0,11.0,10.0,16.0,6.0
2025-06-02T11:56:14.382575,5.0,9.0,16.0,7.0,11.0,10.0,17.0,6.0
2025-06-02T11:56:15.383160,6.0,9.0,17.0,8.0,10.0,10.0,16.0,6.0
2025-06-02T11:56:16.384599,5.0,8.0,17.0,7.0,11.0,10.0,15.0,5.0
2025-06-02T11:56:17.385359,5.0,8.0,17.0,9.0,11.0,10.0,17.0,7.0
2025-06-02T11:56:18.387044,6.0,8.0,16.0,7.0,10.0,9.0,16.0,5.0
2025-06-02T11:56:19.387688,5.0,9.0,17.0,8.0,10.0,10.0,15.0,6.0
2025-06-02T11:56:20.390636,5.0,7.0,16.0,7.0,11.0,10.0,17.0,6.0
2025-06-02T11:56:21.392459,5.0,10.0,16.0,8.0,10.0,10.0,16.0,6.0
2025-06-02T11:56:22.393685,6.0,8.0,17.0,7.0,10.0,10.0,16.0,6.0
2025-06-02T11:56:23.395435,5.0,8.0,18.0,8.0,11.0,9.0,16.0,5.0
2025-06-02T11:56:24.396953,6.0,9.0,16.0,7.0,11.0,10.0,17.0,7.0
2025-06-02T11:56:25.397993,4.0,9.0,16.0,8.0,10.0,10.0,16.0,5.0
2025-06-02T11:56:26.398960,6.0,8.0,16.0,7.0,11.0,9.0,16.0,6.0
2025-06-02T11:56:27.400170,5.0,8.0,18.0,8.0,10.0,10.0,15.0,6.0
2025-06-02T11:56:28.401551,6.0,9.0,16.0,7.0,11.0,10.0,17.0,5.0
2025-06-02T11:56:29.402251,5.0,8.0,17.0,8.0,10.0,10.0,15.0,6.0
2025-06-02T11:56:30.403313,5.0,9.0,16.0,7.0,11.0,9.0,16.0,6.0
2025-06-02T11:56:31.404162,5.0,8.0,17.0,7.0,11.0,10.0,16.0,6.0
2025-06-02T11:56:32.404885,6.0,8.0,15.0,8.0,10.0,10.0,16.0,6.0
2025-06-02T11:56:33.406687,5.0,8.0,17.0,8.0,11.0,9.0,16.0,6.0
2025-06-02T11:56:34.407951,5.0,9.0,17.0,7.0,10.0,10.0,16.0,5.0
2025-06-02T11:56:35.408481,6.0,9.0,16.0,7.0,10.0,10.0,16.0,6.0
2025-06-02T11:56:36.409723,5.0,7.0,16.0,8.0,11.0,9.0,15.0,6.0
2025-06-02T11:56:37.412246,5.0,8.0,17.0,8.0,10.0,9.0,16.0,5.0
2025-06-02T11:56:38.413546,5.0,8.0,17.0,7.0,12.0,10.0,17.0,7.0
2025-06-02T11:56:39.414208,6.0,9.0,16.0,7.0,10.0,11.0,15.0,5.0
2025-06-02T11:56:40.415553,5.0,8.0,16.0,8.0,10.0,9.0,16.0,6.0
2025-06-02T11:56:41.415995,5.0,9.0,17.0,7.0,11.0,9.0,16.0,6.0
2025-06-02T11:56:42.417212,6.0,8.0,16.0,8.0,10.0,10.0,16.0,6.0
2025-06-02T11:56:43.418875,5.0,9.0,18.0,7.0,10.0,10.0,16.0,5.0
2025-06-02T11:56:44.419470,5.0,7.0,16.0,8.0,11.0,9.0,16.0,6.0
2025-06-02T11:56:45.420356,5.0,9.0,16.0,7.0,10.0,10.0,15.0,6.0
2025-06-02T11:56:46.422651,5.0,8.0,16.9,7.0,10.0,10.0,15.9,6.0
2025-06-02T11:56:47.424780,6.0,8.0,17.0,8.0,11.0,10.0,17.0,6.0
2025-06-02T11:56:48.425551,5.0,9.0,16.0,7.0,11.0,9.0,15.0,6.0
2025-06-02T11:56:49.426411,6.0,8.0,16.0,8.0,10.0,9.0,16.0,6.0
2025-06-02T11:56:50.427889,5.0,9.0,16.0,7.0,11.0,10.0,15.0,5.0
2025-06-02T11:56:51.428534,5.0,7.0,18.0,8.0,10.0,10.0,16.0,5.0
2025-06-02T11:56:52.429051,5.0,8.0,15.0,7.0,10.0,10.0,16.0,6.0
2025-06-02T11:56:53.431319,6.0,9.0,16.9,7.0,11.0,9.0,15.9,6.0
2025-06-02T11:56:54.434231,5.0,8.0,17.0,8.0,10.0,10.0,15.0,6.0
2025-06-02T11:56:55.436170,5.0,9.0,16.0,7.0,11.0,9.0,15.0,6.0
2025-06-02T11:56:56.437211,6.0,8.0,17.0,8.0,11.0,10.0,16.0,6.0
2025-06-02T11:56:57.438082,5.0,9.0,17.0,8.0,9.0,10.0,17.0,6.0
2025-06-02T11:56:58.438908,5.0,7.0,16.0,6.0,10.0,10.0,15.0,5.0
2025-06-02T11:56:59.439903,6.0,9.0,16.0,9.0,11.0,9.0,16.0,6.0
2025-06-02T11:57:00.442389,4.0,8.0,17.0,6.0,10.0,10.0,15.0,6.0
2025-06-02T11:57:01.442905,6.0,8.0,16.0,8.0,11.0,9.0,16.0,5.0
2025-06-02T11:57:02.447723,5.0,9.0,16.9,8.0,10.0,10.0,14.9,6.0
2025-06-02T11:57:03.449897,6.0,8.0,16.0,8.0,11.0,10.0,17.0,6.0
2025-06-02T11:57:04.450551,5.0,9.0,17.0,7.0,11.0,10.0,15.0,6.0
2025-06-02T11:57:05.450989,5.0,8.0,16.0,8.0,10.0,9.0,17.0,5.0
2025-06-02T11:57:06.452551,5.0,8.0,18.0,7.0,10.0,11.0,15.0,6.0
2025-06-02T11:57:07.453693,6.0,8.0,15.0,6.0,11.0,9.0,16.0,6.0
2025-06-02T11:57:08.454223,5.0,8.0,17.0,9.0,10.0,9.0,15.0,6.0
2025-06-02T11:57:09.454692,6.0,9.0,16.0,7.0,10.0,9.0,15.0,5.0
2025-06-02T11:57:10.455312,4.0,7.0,17.0,7.0,10.0,11.0,16.0,7.0
2025-06-02T11:57:11.455885,5.0,9.0,17.0,8.0,10.0,9.0,15.0,5.0
2025-06-02T11:57:12.456754,6.0,8.0,16.0,7.0,11.0,10.0,16.0,6.0
2025-06-02T11:57:13.457565,5.0,8.0,16.0,6.0,10.0,9.0,15.0,6.0
2025-06-02T11:57:14.459160,6.0,8.0,16.0,8.0,10.0,10.0,17.0,5.0
2025-06-02T11:57:15.459948,5.0,9.0,17.0,8.0,11.0,11.0,15.0,6.0
2025-06-02T11:57:16.460604,6.0,9.0,16.0,7.0,10.0,8.0,15.0,6.0
2025-06-02T11:57:17.462013,4.0,8.0,17.0,8.0,11.0,11.0,15.0,6.0
2025-06-02T11:57:18.462538,6.0,9.0,17.0,8.0,10.0,9.0,17.0,6.0
2025-06-02T11:57:19.463822,5.0,6.0,17.0,6.0,11.0,10.0,15.0,5.0
2025-06-02T11:57:20.467404,6.0,10.0,16.9,8.0,10.0,10.0,15.9,7.0
2025-06-02T11:57:21.468035,4.0,8.0,16.0,8.0,10.0,9.0,16.0,5.0
2025-06-02T11:57:22.469245,6.0,8.0,17.0,7.0,11.0,10.0,14.0,5.0
2025-06-02T11:57:23.470951,5.0,8.0,16.0,7.0,10.0,10.0,16.0,6.0
2025-06-02T11:57:24.471787,6.0,9.0,16.0,8.0,10.0,9.0,16.0,6.0
2025-06-02T11:57:25.475569,5.0,8.0,16.9,7.0,11.0,10.0,15.0,6.0
2025-06-02T11:57:26.476118,5.0,8.0,17.0,8.0,10.0,10.0,16.0,6.0
2025-06-02T11:57:27.477226,6.0,9.0,16.0,7.0,11.0,10.0,15.0,5.0
2025-06-02T11:57:28.479352,5.0,8.0,17.0,8.0,10.0,9.0,16.0,6.0
2025-06-02T11:57:29.481193,5.0,9.0,16.0,7.0,11.0,10.0,15.0,6.0
2025-06-02T11:57:30.481837,6.0,8.0,17.0,8.0,9.0,9.0,16.0,6.0
2025-06-02T11:57:31.482371,4.0,7.0,16.0,7.0,11.0,10.0,16.0,5.0
2025-06-02T11:57:32.483975,7.0,9.0,17.0,8.0,11.0,10.0,15.0,6.0
2025-06-02T11:57:33.484833,4.0,9.0,16.0,7.0,10.0,10.0,16.0,7.0
2025-06-02T11:57:34.486232,5.0,8.0,17.0,7.0,10.0,9.0,14.0,5.0
2025-06-02T11:57:35.486704,7.0,8.0,16.0,8.0,10.0,11.0,16.0,6.0
2025-06-02T11:57:36.487521,5.0,9.0,16.0,7.0,10.0,9.0,16.0,5.0
2025-06-02T11:57:37.489122,4.0,8.0,16.0,8.0,11.0,9.0,15.0,6.0
2025-06-02T11:57:38.489856,6.0,7.0,18.0,7.0,10.0,10.0,16.0,6.0
2025-06-02T11:57:39.490540,5.0,10.0,17.0,8.0,10.0,10.0,15.0,6.0
2025-06-02T11:57:40.491191,5.0,7.0,15.0,8.0,11.0,9.0,16.0,6.0
2025-06-02T11:57:41.491865,6.0,9.0,17.0,7.0,11.0,11.0,16.0,5.0
2025-06-02T11:57:42.493276,5.0,8.0,16.0,7.0,9.0,9.0,15.0,6.0
2025-06-02T11:57:43.495671,6.0,9.0,17.0,8.0,11.0,10.0,15.0,6.0
2025-06-02T11:57:44.497162,5.0,8.0,16.0,8.0,10.0,10.0,16.9,6.0
2025-06-02T11:57:45.501386,6.0,8.0,17.0,7.0,10.0,9.0,15.0,5.0
2025-06-02T11:57:46.503433,4.0,8.0,17.0,7.0,10.0,10.0,15.0,6.0
2025-06-02T11:57:47.504277,6.0,9.0,16.0,7.0,11.0,10.0,16.0,6.0
2025-06-02T11:57:48.505358,5.0,9.0,16.0,8.0,11.0,9.0,15.0,6.0
2025-06-02T11:57:49.505909,5.0,7.0,17.0,7.0,10.0,10.0,16.0,6.0
2025-06-02T11:57:50.508095,6.0,9.0,17.0,8.0,11.0,10.0,15.0,5.0
2025-06-02T11:57:51.508689,5.0,8.0,16.0,7.0,10.0,10.0,15.0,6.0
2025-06-02T11:57:52.509272,5.0,9.0,16.0,7.0,9.0,9.0,16.0,5.0
2025-06-02T11:57:53.509976,5.0,8.0,16.0,8.0,11.0,10.0,15.0,6.0
2025-06-02T11:57:54.512065,5.0,7.0,17.0,8.0,10.0,10.0,16.0,6.0
2025-06-02T11:57:55.513750,5.0,9.0,15.0,7.0,10.0,10.0,15.0,6.0
2025-06-02T11:57:56.514816,6.0,8.0,18.0,8.0,11.0,9.0,15.9,6.0
2025-06-02T11:57:57.517705,5.0,9.0,16.0,7.0,10.0,9.0,15.0,6.0
2025-06-02T11:57:58.518169,6.0,7.0,17.0,7.0,11.0,10.0,15.0,5.0
2025-06-02T11:57:59.518770,4.0,10.0,16.0,7.0,10.0,10.0,16.0,6.0
2025-06-02T11:58:00.519784,6.0,8.0,16.0,9.0,10.0,10.0,16.0,6.0
2025-06-02T11:58:01.520723,5.0,7.0,16.0,7.0,10.0,10.0,14.0,6.0
2025-06-02T11:58:02.521738,6.0,10.0,18.0,7.0,10.0,9.0,16.0,6.0
2025-06-02T11:58:03.523231,5.0,7.0,16.0,8.0,11.0,10.0,16.0,5.0
2025-06-02T11:58:04.523953,6.0,9.0,16.0,7.0,11.0,10.0,15.0,6.0
2025-06-02T11:58:05.525775,5.0,8.0,18.0,7.0,10.0,9.0,15.0,6.0
2025-06-02T11:58:06.526603,5.0,9.0,16.0,8.0,11.0,10.0,16.0,6.0
2025-06-02T11:58:07.527091,6.0,8.0,16.0,7.0,9.0,10.0,15.0,5.0
2025-06-02T11:58:08.527946,5.0,9.0,17.0,8.0,12.0,9.0,15.0,7.0
2025-06-02T11:58:09.529852,5.0,8.0,17.0,8.0,9.0,11.0,16.0,6.0
2025-06-02T11:58:10.531048,5.0,8.0,16.0,7.0,11.0,9.0,15.0,5.0
2025-06-02T11:58:11.533460,6.0,9.0,16.0,7.0,10.0,9.0,15.0,6.0
2025-06-02T11:58:12.535192,4.0,7.0,17.0,8.0,10.0,11.0,15.0,6.0
2025-06-02T11:58:13.535630,6.0,9.0,16.0,8.0,10.0,9.0,16.0,5.0
2025-06-02T11:58:14.536176,6.0,8.0,17.0,7.0,11.0,10.0,15.0,7.0
2025-06-02T11:58:15.538898,5.0,10.0,16.0,8.0,10.0,9.0,16.0,6.0
2025-06-02T11:58:16.539381,5.0,7.0,16.0,7.0,10.0,10.0,15.0,5.0
2025-06-02T11:58:17.540614,5.0,9.0,17.0,8.0,10.0,10.0,15.0,5.0
2025-06-02T11:58:18.542317,6.0,9.0,17.0,7.0,11.0,10.0,16.0,6.0
2025-06-02T11:58:19.545402,5.0,7.0,16.0,7.0,10.0,10.0,15.0,6.0
2025-06-02T11:58:20.547036,6.0,10.0,17.0,8.0,11.0,9.0,16.0,6.0
2025-06-02T11:58:21.547939,5.0,7.0,16.0,8.0,11.0,10.0,15.0,6.0
2025-06-02T11:58:22.548716,5.0,9.0,17.0,7.0,10.0,10.0,15.0,6.0
2025-06-02T11:58:23.549524,5.0,9.0,17.0,8.0,10.0,10.0,16.0,5.0
2025-06-02T11:58:24.550658,5.0,8.0,16.0,7.0,11.0,9.0,15.0,7.0
2025-06-02T11:58:25.551255,6.0,8.0,17.0,7.0,10.0,10.0,16.0,5.0
2025-06-02T11:58:26.552094,6.0,9.0,17.0,8.0,10.0,10.0,15.0,6.0
2025-06-02T11:58:27.554102,5.0,8.0,16.0,8.0,11.0,9.0,16.0,6.0
2025-06-02T11:58:28.554859,4.0,7.0,16.0,7.0,10.0,11.0,15.0,5.0
2025-06-02T11:58:29.556490,6.0,10.0,17.0,8.0,10.0,9.0,15.0,6.0
2025-06-02T11:58:30.558060,5.0,7.0,17.0,8.0,11.0,10.0,15.0,6.0
2025-06-02T11:58:31.559231,6.0,10.0,16.0,6.0,11.0,9.0,16.0,6.0
2025-06-02T11:58:32.560414,6.0,8.0,17.0,8.0,10.0,10.0,15.0,6.0
2025-06-02T11:58:33.562246,5.0,8.0,16.0,8.0,10.0,10.0,15.0,5.0
2025-06-02T11:58:34.562822,4.0,8.0,16.0,7.0,10.0,10.0,14.0,6.0
2025-06-02T11:58:35.564064,6.0,8.0,18.0,8.0,10.0,9.0,17.0,6.0
2025-06-02T11:58:36.564806,6.0,10.0,16.0,7.0,11.0,11.0,14.0,6.0
2025-06-02T11:58:37.565264,4.0,7.0,18.0,7.0,11.0,9.0,16.0,6.0
2025-06-02T11:58:38.566580,6.0,10.0,17.0,9.0,11.0,10.0,16.0,6.0
2025-06-02T11:58:39.568151,5.0,7.0,16.0,7.0,9.0,9.0,15.0,6.0
2025-06-02T11:58:40.570783,5.0,9.0,17.0,8.0,11.0,10.0,15.0,5.0
2025-06-02T11:58:41.571606,6.0,9.0,17.0,7.0,11.0,11.0,15.0,6.0
2025-06-02T11:58:42.572477,5.0,7.0,15.0,8.0,9.0,9.0,16.0,7.0
2025-06-02T11:58:43.573834,5.0,9.0,17.0,7.0,11.0,10.0,15.0,5.0
2025-06-02T11:58:44.575533,6.0,8.0,17.0,8.0,10.0,10.0,16.0,6.0
2025-06-02T11:58:45.575959,5.0,9.0,16.0,7.0,10.0,9.0,14.0,6.0
2025-06-02T11:58:46.576616,6.0,7.0,17.0,8.0,11.0,10.0,16.0,5.0
2025-06-02T11:58:47.577322,5.0,10.0,16.0,6.0,10.0,10.0,15.0,6.0
2025-06-02T11:58:48.577991,5.0,7.0,17.0,8.0,11.0,10.0,15.0,6.0
2025-06-02T11:58:49.579369,6.0,10.0,17.0,7.0,10.0,9.0,15.0,5.0
2025-06-02T11:58:50.580324,5.0,7.0,16.0,8.0,10.0,10.0,15.0,7.0
2025-06-02T11:58:51.581177,5.0,9.0,16.0,8.0,10.0,10.0,15.0,5.0
2025-06-02T11:58:52.581748,6.0,8.0,17.0,7.0,11.0,9.0,15.0,6.0
2025-06-02T11:58:53.582723,5.0,8.0,17.0,7.0,10.0,11.0,16.0,6.0
2025-06-02T11:58:54.583515,5.0,9.0,16.0,8.0,10.0,9.0,14.0,6.0
2025-06-02T11:58:55.584005,5.0,7.0,16.0,7.0,11.0,9.0,15.0,5.0
2025-06-02T11:58:56.584908,6.0,10.0,17.0,8.0,10.0,11.0,15.0,6.0
2025-06-02T11:58:57.585818,5.0,8.0,16.0,8.0,9.0,9.0,15.0,6.0
2025-06-02T11:58:58.586910,5.0,8.0,17.0,6.0,11.0,10.0,15.0,6.0
2025-06-02T11:58:59.587527,5.0,8.0,16.0,8.0,11.0,9.0,16.0,6.0
2025-06-02T11:59:00.588255,5.0,8.0,16.0,8.0,9.0,10.0,15.0,5.0
2025-06-02T11:59:01.588702,6.0,8.0,17.0,8.0,11.0,10.0,15.0,6.0
2025-06-02T11:59:02.589434,6.0,8.0,17.0,7.0,11.0,9.0,15.0,6.0
2025-06-02T11:59:03.590437,5.0,10.0,16.0,8.0,10.0,10.0,15.0,6.0
2025-06-02T11:59:04.592993,5.0,8.0,17.0,7.0,11.0,10.0,15.0,5.0
2025-06-02T11:59:05.593830,5.0,8.0,17.0,8.0,10.0,10.0,15.0,6.0
2025-06-02T11:59:06.594957,6.0,8.0,17.0,7.0,10.0,10.0,15.0,7.0
2025-06-02T11:59:07.595380,5.0,9.0,15.0,8.0,10.0,10.0,15.0,4.0
2025-06-02T11:59:08.596206,5.0,8.0,18.0,7.0,11.0,9.0,16.0,6.0
2025-06-02T11:59:09.596847,6.0,8.0,16.0,8.0,10.0,10.0,15.0,6.0
2025-06-02T11:59:10.598457,5.0,9.0,16.0,7.0,10.0,9.0,15.0,6.0
2025-06-02T11:59:11.599032,6.0,8.0,17.0,7.0,10.0,10.0,15.0,6.0
2025-06-02T11:59:12.599914,5.0,8.0,16.0,7.0,10.0,10.0,15.0,6.0
2025-06-02T11:59:13.600805,5.0,9.0,17.0,8.0,11.0,10.0,14.0,6.0
2025-06-02T11:59:14.603045,6.0,9.0,17.0,8.0,10.0,10.0,16.0,6.0
2025-06-02T11:59:15.604235,4.0,7.0,16.0,7.0,10.0,9.0,15.0,5.0
2025-06-02T11:59:16.604700,6.0,9.0,17.0,8.0,11.0,10.0,15.0,6.0
2025-06-02T11:59:17.605908,6.0,9.0,16.0,7.0,10.0,9.0,15.0,6.0
2025-06-02T11:59:18.607090,4.0,7.0,17.0,7.0,10.0,10.0,14.0,6.0
2025-06-02T11:59:19.607945,6.0,9.0,16.0,9.0,10.0,10.0,16.0,6.0
2025-06-02T11:59:20.610985,5.0,8.0,17.0,7.0,10.0,10.0,15.0,5.0
2025-06-02T11:59:21.612263,6.0,9.0,16.0,7.0,11.0,10.0,14.0,6.0
2025-06-02T11:59:22.613431,5.0,8.0,16.0,8.0,10.0,9.0,16.0,6.0
2025-06-02T11:59:23.613947,5.0,9.0,17.0,7.0,10.0,10.0,15.0,6.0
2025-06-02T11:59:24.619699,6.0,8.0,16.9,8.0,10.9,8.9,13.9,5.0
2025-06-02T11:59:25.620409,5.0,9.0,16.0,7.0,10.0,11.0,16.0,6.0
2025-06-02T11:59:26.622028,5.0,8.0,17.0,8.0,11.0,10.0,15.0,6.0
2025-06-02T11:59:27.624348,6.0,9.0,16.0,7.0,10.0,10.0,15.0,6.0
2025-06-02T11:59:28.624954,5.0,7.0,17.0,7.0,10.0,9.0,15.0,6.0
2025-06-02T11:59:29.625481,5.0,8.0,16.0,8.0,11.0,10.0,15.0,5.0
2025-06-02T11:59:30.626306,6.0,9.0,17.0,8.0,10.0,10.0,15.0,6.0
2025-06-02T11:59:31.626932,5.0,8.0,16.0,7.0,10.0,9.0,14.0,6.0
2025-06-02T11:59:32.627698,5.0,9.0,16.0,7.0,10.0,11.0,15.0,5.0
2025-06-02T11:59:33.628917,5.0,8.0,17.0,8.0,9.0,9.0,15.0,6.0
2025-06-02T11:59:34.630043,6.0,9.0,17.0,7.0,11.0,10.0,15.0,6.0
2025-06-02T11:59:35.631903,5.0,8.0,16.0,8.0,10.0,9.0,15.0,6.0
2025-06-02T11:59:36.633359,5.0,8.0,17.0,7.0,10.0,10.0,14.0,6.0
2025-06-02T11:59:37.634431,6.0,9.0,16.0,8.0,11.0,10.0,15.0,5.0
2025-06-02T11:59:38.637036,6.0,7.0,16.0,7.0,11.0,10.0,16.0,7.0
2025-06-02T11:59:39.637787,4.0,9.0,16.0,8.0,9.0,9.0,14.0,6.0
2025-06-02T11:59:40.638234,6.0,8.0,17.0,8.0,10.0,10.0,14.0,5.0
2025-06-02T11:59:41.638766,5.0,8.0,17.0,7.0,10.0,10.0,15.0,6.0
2025-06-02T11:59:42.639301,6.0,8.0,15.0,7.0,11.0,9.0,15.0,6.0
2025-06-02T11:59:43.641059,5.0,9.0,17.0,8.0,9.0,10.0,14.0,6.0
2025-06-02T11:59:44.641602,6.0,7.0,17.0,7.0,11.0,10.0,16.0,6.0
2025-06-02T11:59:45.642487,4.0,10.0,16.0,7.0,10.0,10.0,14.0,5.0
2025-06-02T11:59:46.643820,5.0,7.0,17.0,7.0,11.0,9.0,15.0,6.0
2025-06-02T11:59:47.644572,6.0,8.0,16.0,8.0,10.0,10.0,15.0,5.0
2025-06-02T11:59:48.645959,5.0,9.0,16.0,8.0,11.0,10.0,14.0,7.0
2025-06-02T11:59:49.646899,5.0,8.0,16.9,7.0,9.0,10.0,14.9,6.0
2025-06-02T11:59:50.650742,6.0,9.0,16.0,8.0,11.0,9.0,15.0,5.0
2025-06-02T11:59:51.651231,5.0,8.0,17.0,7.0,10.0,11.0,15.0,6.0
2025-06-02T11:59:52.651681,5.0,7.0,17.0,7.0,10.0,9.0,14.0,5.0
2025-06-02T11:59:53.652618,5.0,9.0,16.0,8.0,10.0,10.0,15.0,6.0
2025-06-02T11:59:54.654136,6.0,8.0,17.0,7.0,10.0,10.0,15.0,6.0
2025-06-02T11:59:55.655704,5.0,9.0,16.0,8.0,10.0,9.0,15.0,6.0
2025-06-02T11:59:56.656295,6.0,8.0,17.0,8.0,11.0,10.0,15.0,6.0
2025-06-02T11:59:57.657151,4.0,10.0,16.0,7.0,10.0,10.0,14.0,6.0
2025-06-02T11:59:58.657970,6.0,7.0,17.0,8.0,10.0,9.0,15.0,6.0
2025-06-02T11:59:59.658586,5.0,7.0,16.0,7.0,10.0,10.0,14.0,5.0
2025-06-02T12:00:00.662395,6.0,10.0,15.9,7.0,11.0,9.0,15.0,6.0
2025-06-02T12:00:01.663512,5.0,8.0,16.0,8.0,10.0,10.0,15.0,6.0
2025-06-02T12:00:02.664177,6.0,9.0,17.0,7.0,10.0,10.0,15.0,6.0
2025-06-02T12:00:03.665853,4.0,8.0,16.0,8.0,10.0,10.0,14.0,5.0
2025-06-02T12:00:04.668613,6.0,9.0,17.0,7.0,11.0,10.0,14.0,6.0
2025-06-02T12:00:05.670662,5.0,7.0,17.0,8.0,9.0,10.0,16.0,6.0
2025-06-02T12:00:06.672297,5.0,9.0,16.0,8.0,11.0,9.0,14.0,6.0
2025-06-02T12:00:07.673995,5.0,9.0,16.0,7.0,10.0,9.0,15.0,5.0
2025-06-02T12:00:08.674553,6.0,8.0,17.0,8.0,10.0,10.0,14.0,6.0
2025-06-02T12:00:09.674959,5.0,9.0,17.0,6.0,10.0,10.0,15.0,6.0
2025-06-02T12:00:10.675466,5.0,7.0,15.0,9.0,11.0,9.0,13.0,6.0
2025-06-02T12:00:11.675908,6.0,9.0,17.0,6.0,10.0,10.0,16.0,6.0
2025-06-02T12:00:12.677209,5.0,9.0,17.0,8.0,10.0,10.0,15.0,6.0
2025-06-02T12:00:13.679735,5.0,7.0,16.0,8.0,10.0,10.0,15.0,5.0
2025-06-02T12:00:14.681174,6.0,9.0,16.0,8.0,11.0,10.0,14.0,6.0
2025-06-02T12:00:15.684289,5.0,8.0,16.9,6.0,9.0,9.0,14.0,6.0
2025-06-02T12:00:16.684958,6.0,8.0,16.0,8.0,11.0,11.0,15.0,5.0
2025-06-02T12:00:17.686542,4.0,9.0,17.0,7.0,10.0,9.0,15.0,7.0
2025-06-02T12:00:18.687547,6.0,8.0,16.0,7.0,10.0,10.0,15.0,5.0
2025-06-02T12:00:19.688089,5.0,8.0,16.0,8.0,9.0,9.0,14.0,6.0
2025-06-02T12:00:20.689038,6.0,9.0,18.0,8.0,11.0,11.0,14.0,6.0
2025-06-02T12:00:21.689710,5.0,7.0,16.0,8.0,10.0,9.0,15.0,6.0
2025-06-02T12:00:22.690443,5.0,8.0,16.0,7.0,10.0,10.0,14.0,5.0
2025-06-02T12:00:23.691099,6.0,8.0,16.0,7.0,10.0,9.0,15.0,6.0
2025-06-02T12:00:24.692776,4.0,8.0,17.0,7.0,10.0,10.0,14.0,6.0
2025-06-02T12:00:25.693618,5.0,9.0,16.0,8.0,10.0,9.0,14.0,6.0
2025-06-02T12:00:26.694695,6.0,7.0,17.0,8.0,10.0,10.0,15.0,5.0
2025-06-02T12:00:27.696498,6.0,9.0,16.0,7.0,11.0,10.0,15.0,6.0
2025-06-02T12:00:28.697226,5.0,7.0,16.0,7.0,9.0,9.0,14.0,6.0
2025-06-02T12:00:29.697656,5.0,9.0,17.0,8.0,11.0,10.0,15.0,6.0
2025-06-02T12:00:30.700538,6.0,8.0,16.0,7.0,10.0,10.0,14.0,5.0
2025-06-02T12:00:31.701765,4.0,8.0,16.0,8.0,11.0,10.0,14.0,6.0
2025-06-02T12:00:32.702974,6.0,9.0,16.0,7.0,10.0,9.0,15.0,6.0
2025-06-02T12:00:33.705243,5.0,7.0,18.0,8.0,9.0,10.0,15.0,6.0
2025-06-02T12:00:34.706012,6.0,9.0,16.0,7.0,11.0,9.0,14.0,6.0
2025-06-02T12:00:35.708287,4.0,8.0,16.0,8.0,10.0,10.0,15.0,6.0
2025-06-02T12:00:36.710448,7.0,8.0,16.0,7.0,10.0,10.0,15.0,5.0
2025-06-02T12:00:37.711046,4.0,8.0,17.0,8.0,10.0,10.0,14.0,6.0
2025-06-02T12:00:38.711759,6.0,8.0,17.0,8.0,11.0,10.0,15.0,6.0
2025-06-02T12:00:39.712225,5.0,8.0,16.0,7.0,10.0,10.0,14.0,6.0
2025-06-02T12:00:40.712632,5.0,9.0,16.0,7.0,10.0,9.0,15.0,5.0
2025-06-02T12:00:41.714195,5.0,8.0,17.0,8.0,10.0,10.0,14.0,6.0
2025-06-02T12:00:42.715762,6.0,8.0,15.0,7.0,10.0,10.0,15.0,7.0
2025-06-02T12:00:43.716233,5.0,8.0,16.0,8.0,10.0,10.0,14.0,6.0
2025-06-02T12:00:44.716821,6.0,8.0,17.0,8.0,11.0,10.0,15.0,5.0
2025-06-02T12:00:45.718053,5.0,7.0,10.0,6.0,9.0,10.0,10.0,6.0
