timestamp,bt_navigator,map_server,amcl,controller_server,smoother_server,planner_server,behavior_server,velocity_smoother
2025-06-20T15:39:26.871797,0.0,0.0,0.0,0.0,0.0,0.0,0.0,0.0
2025-06-20T15:39:27.883379,5.9,5.9,10.9,7.9,6.9,8.9,10.9,4.9
2025-06-20T15:39:28.885872,9.0,10.0,9.0,12.0,9.0,14.0,9.0,7.0
2025-06-20T15:39:29.889670,14.9,9.0,10.0,15.9,10.0,9.0,12.0,10.0
2025-06-20T15:39:30.890389,10.0,8.0,10.0,12.0,8.0,8.0,7.0,8.0
2025-06-20T15:39:31.896088,7.9,7.0,8.9,13.9,7.9,7.0,8.0,5.0
2025-06-20T15:39:32.898276,8.0,5.0,11.0,9.0,8.0,6.0,6.0,5.0
2025-06-20T15:39:33.900072,5.0,3.0,7.0,9.0,6.0,7.0,5.0,1.0
2025-06-20T15:39:34.900767,6.0,5.0,7.0,10.0,6.0,9.0,6.0,4.0
2025-06-20T15:39:35.901757,29.0,7.0,9.0,11.0,8.0,12.0,11.0,7.0
2025-06-20T15:39:36.903535,11.0,5.0,7.0,10.0,7.0,10.0,8.0,6.0
2025-06-20T15:39:37.904254,11.0,6.0,9.0,10.0,8.0,9.0,8.0,5.0
2025-06-20T15:39:38.905112,11.0,6.0,8.0,10.0,7.0,10.0,9.0,6.0
2025-06-20T15:39:39.906383,11.0,5.0,8.0,11.0,7.0,10.0,8.0,6.0
2025-06-20T15:39:40.906989,9.0,4.0,8.0,10.0,7.0,10.0,9.0,5.0
2025-06-20T15:39:41.907924,11.0,6.0,9.0,10.0,7.0,9.0,9.0,5.0
2025-06-20T15:39:42.908505,10.0,5.0,8.0,11.0,8.0,10.0,7.0,5.0
2025-06-20T15:39:43.908982,11.0,6.0,7.0,9.0,7.0,10.0,9.0,6.0
2025-06-20T15:39:44.910096,11.0,5.0,8.0,11.0,7.0,10.0,9.0,6.0
2025-06-20T15:39:45.913037,10.0,5.0,8.0,10.0,7.0,9.0,8.0,5.0
2025-06-20T15:39:46.913894,10.0,5.0,9.0,10.0,7.0,10.0,9.0,5.0
2025-06-20T15:39:47.914651,12.0,6.0,9.0,10.0,8.0,10.0,8.0,6.0
2025-06-20T15:39:48.915375,10.0,5.0,8.0,11.0,7.0,9.0,9.0,5.0
2025-06-20T15:39:49.915897,11.0,6.0,9.0,10.0,8.0,10.0,9.0,5.0
2025-06-20T15:39:50.916345,11.0,5.0,9.0,11.0,7.0,11.0,10.0,6.0
2025-06-20T15:39:51.916890,10.0,6.0,8.0,10.0,8.0,10.0,10.0,5.0
2025-06-20T15:39:52.918357,10.0,5.0,8.0,11.0,8.0,11.0,10.0,5.0
2025-06-20T15:39:53.919010,12.0,5.0,8.0,11.0,8.0,11.0,10.0,6.0
2025-06-20T15:39:54.919551,10.0,5.0,8.0,10.0,7.0,10.0,9.0,4.0
2025-06-20T15:39:55.920677,11.0,5.0,8.0,11.0,7.0,10.0,10.0,6.0
2025-06-20T15:39:56.921617,11.0,6.0,9.0,10.0,8.0,11.0,11.0,6.0
2025-06-20T15:39:57.922251,12.0,5.0,7.0,14.0,7.0,11.0,9.0,5.0
2025-06-20T15:39:58.922879,19.0,6.0,7.0,21.0,8.0,10.0,9.0,6.0
2025-06-20T15:39:59.925024,18.0,6.0,9.0,21.0,7.0,11.0,10.0,7.0
2025-06-20T15:40:00.925726,18.0,5.0,7.0,21.0,8.0,11.0,9.0,5.0
2025-06-20T15:40:01.928208,18.0,5.0,7.0,21.0,7.0,10.0,9.0,6.0
2025-06-20T15:40:02.928767,19.0,5.0,8.0,22.0,7.0,11.0,10.0,7.0
2025-06-20T15:40:03.929583,18.0,5.0,8.0,20.0,7.0,10.0,9.0,5.0
2025-06-20T15:40:04.930034,17.0,5.0,9.0,21.0,8.0,10.0,10.0,6.0
2025-06-20T15:40:05.931172,18.0,6.0,8.0,21.0,7.0,11.0,9.0,6.0
2025-06-20T15:40:06.932131,18.0,5.0,7.0,20.0,7.0,9.0,9.0,6.0
2025-06-20T15:40:07.932771,18.0,5.0,7.0,22.0,7.0,11.0,9.0,5.0
2025-06-20T15:40:08.933384,17.0,5.0,9.0,21.0,8.0,11.0,11.0,7.0
2025-06-20T15:40:09.934055,19.0,5.0,7.0,22.0,8.0,10.0,9.0,6.0
2025-06-20T15:40:10.934606,18.0,6.0,7.0,20.0,6.0,10.0,9.0,6.0
2025-06-20T15:40:11.935948,18.0,6.0,8.0,22.0,8.0,10.0,10.0,6.0
2025-06-20T15:40:12.936894,18.0,5.0,9.0,21.0,8.0,10.0,8.0,6.0
2025-06-20T15:40:13.937962,18.0,4.0,7.0,20.0,7.0,12.0,10.0,5.0
2025-06-20T15:40:14.938864,18.0,6.0,8.0,22.0,7.0,10.0,9.0,7.0
2025-06-20T15:40:15.940975,18.0,5.0,8.0,20.9,8.0,10.0,10.0,5.0
2025-06-20T15:40:16.942424,17.0,5.0,7.0,20.0,7.0,10.0,9.0,6.0
2025-06-20T15:40:17.943822,19.0,6.0,8.0,21.9,8.0,11.0,9.0,6.0
2025-06-20T15:40:18.946930,16.9,4.0,8.0,20.0,6.0,10.0,10.0,6.0
2025-06-20T15:40:19.949560,19.0,5.0,7.0,22.0,7.0,11.0,10.0,5.0
2025-06-20T15:40:20.950181,18.0,6.0,9.0,20.0,8.0,10.0,9.0,7.0
2025-06-20T15:40:21.951581,18.0,6.0,8.0,21.0,8.0,11.0,9.0,5.0
2025-06-20T15:40:22.953922,18.0,5.0,8.0,21.0,7.0,10.0,10.0,6.0
2025-06-20T15:40:23.954422,18.0,5.0,8.0,22.0,7.0,11.0,10.0,6.0
2025-06-20T15:40:24.955192,18.0,5.0,8.0,21.0,7.0,11.0,9.0,6.0
2025-06-20T15:40:25.956029,18.0,5.0,6.0,21.0,8.0,9.0,9.0,6.0
2025-06-20T15:40:26.957952,18.0,6.0,10.0,20.0,7.0,11.0,9.0,7.0
2025-06-20T15:40:27.959674,18.0,5.0,7.0,21.0,7.0,10.0,10.0,6.0
2025-06-20T15:40:28.960886,18.0,5.0,8.0,22.0,8.0,11.0,9.0,5.0
2025-06-20T15:40:29.961510,18.0,6.0,8.0,21.0,7.0,11.0,10.0,6.0
2025-06-20T15:40:30.961974,17.0,4.0,7.0,22.0,8.0,10.0,9.0,6.0
2025-06-20T15:40:31.962559,19.0,5.0,9.0,22.0,7.0,10.0,10.0,6.0
2025-06-20T15:40:32.963433,18.0,6.0,9.0,21.0,7.0,11.0,9.0,6.0
2025-06-20T15:40:33.964021,18.0,6.0,7.0,20.0,7.0,9.0,9.0,6.0
2025-06-20T15:40:34.964478,18.0,4.0,7.0,21.0,8.0,12.0,9.0,6.0
2025-06-20T15:40:35.965151,18.0,6.0,9.0,22.0,7.0,10.0,10.0,6.0
2025-06-20T15:40:36.965615,18.0,5.0,7.0,21.0,8.0,10.0,9.0,5.0
2025-06-20T15:40:37.966492,18.0,5.0,8.0,21.0,7.0,11.0,10.0,7.0
2025-06-20T15:40:38.967488,18.0,5.0,9.0,21.0,7.0,10.0,9.0,6.0
2025-06-20T15:40:39.968545,17.0,6.0,7.0,21.0,8.0,10.0,9.0,6.0
2025-06-20T15:40:40.968998,19.0,5.0,8.0,21.0,8.0,10.0,10.0,6.0
2025-06-20T15:40:41.969808,18.0,6.0,9.0,21.0,7.0,12.0,9.0,6.0
2025-06-20T15:40:42.971225,18.0,4.0,7.0,21.0,7.0,10.0,10.0,6.0
2025-06-20T15:40:43.971681,18.0,6.0,9.0,21.0,7.0,10.0,9.0,6.0
2025-06-20T15:40:44.974025,18.0,5.0,7.0,21.9,8.0,11.0,10.0,6.0
2025-06-20T15:40:45.974874,18.0,5.0,8.0,21.0,8.0,11.0,10.0,6.0
2025-06-20T15:40:46.975762,17.0,6.0,8.0,21.0,7.0,9.0,9.0,6.0
2025-06-20T15:40:47.976634,19.0,6.0,8.0,21.0,6.0,12.0,10.0,6.0
2025-06-20T15:40:48.977623,18.0,4.0,8.0,21.0,8.0,10.0,9.0,5.0
2025-06-20T15:40:49.979964,18.0,6.0,7.0,21.9,8.0,11.0,9.0,6.0
2025-06-20T15:40:50.980650,17.0,5.0,9.0,22.0,7.0,10.0,9.0,7.0
2025-06-20T15:40:51.981181,19.0,5.0,7.0,21.0,7.0,10.0,10.0,6.0
2025-06-20T15:40:52.982063,17.0,5.0,8.0,20.0,7.0,10.0,10.0,6.0
2025-06-20T15:40:53.982643,18.0,6.0,9.0,22.0,8.0,11.0,9.0,6.0
2025-06-20T15:40:54.985771,17.9,5.0,8.0,20.9,7.0,11.0,9.0,6.0
2025-06-20T15:40:55.987268,18.0,5.0,8.0,21.0,8.0,10.0,10.0,6.0
2025-06-20T15:40:56.987800,18.0,6.0,8.0,22.0,8.0,12.0,9.0,6.0
2025-06-20T15:40:57.988691,17.0,4.0,8.0,21.0,6.0,9.0,10.0,5.0
2025-06-20T15:40:58.989157,18.0,6.0,7.0,20.0,8.0,10.0,9.0,7.0
2025-06-20T15:40:59.992136,16.9,6.0,8.0,22.0,7.0,12.0,9.0,6.0
2025-06-20T15:41:00.994038,18.0,4.0,9.0,20.0,7.0,10.0,9.0,6.0
2025-06-20T15:41:01.994705,17.0,5.0,7.0,21.0,8.0,10.0,10.0,6.0
2025-06-20T15:41:02.995637,18.0,6.0,9.0,22.0,7.0,11.0,10.0,6.0
2025-06-20T15:41:03.996380,18.0,6.0,8.0,21.0,7.0,11.0,9.0,5.0
2025-06-20T15:41:04.997001,18.0,4.0,7.0,22.0,8.0,10.0,10.0,6.0
2025-06-20T15:41:05.997977,18.0,6.0,7.0,21.0,8.0,11.0,9.0,7.0
2025-06-20T15:41:06.998431,17.0,5.0,8.0,21.0,7.0,10.0,9.0,6.0
2025-06-20T15:41:07.998926,18.0,5.0,8.0,21.0,7.0,10.0,9.0,5.0
2025-06-20T15:41:09.000732,18.0,6.0,8.0,20.0,7.0,11.0,10.0,7.0
2025-06-20T15:41:10.003606,17.9,5.0,8.0,20.9,8.0,10.0,10.0,5.0
2025-06-20T15:41:11.004165,18.0,5.0,8.0,22.0,7.0,10.0,9.0,6.0
2025-06-20T15:41:12.004737,17.0,5.0,8.0,21.0,8.0,11.0,10.0,6.0
2025-06-20T15:41:13.005611,18.0,6.0,7.0,21.0,7.0,10.0,9.0,6.0
2025-06-20T15:41:14.006246,17.0,5.0,8.0,20.0,7.0,10.0,9.0,6.0
2025-06-20T15:41:15.007884,18.0,6.0,9.0,22.0,7.0,10.0,10.0,6.0
2025-06-20T15:41:16.008504,17.0,5.0,7.0,21.0,7.0,11.0,8.0,6.0
2025-06-20T15:41:17.010601,17.0,5.0,8.0,21.0,8.0,11.0,11.0,5.0
2025-06-20T15:41:18.011850,19.0,5.0,8.0,21.0,8.0,10.0,9.0,7.0
2025-06-20T15:41:19.012879,17.0,6.0,8.0,21.0,7.0,10.0,9.0,6.0
2025-06-20T15:41:20.013769,17.0,4.0,7.0,21.0,7.0,11.0,10.0,6.0
2025-06-20T15:41:21.014298,19.0,6.0,8.0,21.0,8.0,10.0,9.0,6.0
2025-06-20T15:41:22.015524,17.0,5.0,9.0,21.0,7.0,12.0,9.0,6.0
2025-06-20T15:41:23.016222,18.0,5.0,7.0,20.0,8.0,11.0,10.0,5.0
2025-06-20T15:41:24.016735,17.0,5.0,8.0,23.0,7.0,9.0,9.0,7.0
2025-06-20T15:41:25.017942,18.0,6.0,7.0,20.0,8.0,11.0,10.0,5.0
2025-06-20T15:41:26.019900,18.0,5.0,8.0,21.0,6.0,11.0,9.0,6.0
2025-06-20T15:41:27.020660,16.0,6.0,8.0,21.0,8.0,10.0,9.0,7.0
2025-06-20T15:41:28.021311,16.0,5.0,9.0,21.0,7.0,10.0,10.0,5.0
2025-06-20T15:41:29.021929,17.0,4.0,6.0,21.0,7.0,11.0,9.0,6.0
2025-06-20T15:41:30.022389,16.0,6.0,9.0,22.0,8.0,11.0,9.0,6.0
2025-06-20T15:41:31.024488,17.0,5.0,7.0,18.9,7.0,10.0,9.0,6.0
2025-06-20T15:41:32.027074,17.0,5.0,7.0,21.0,6.0,10.0,9.0,5.0
2025-06-20T15:41:33.029709,18.0,6.0,8.0,20.9,7.0,10.0,8.0,7.0
2025-06-20T15:41:34.030514,17.0,5.0,8.0,21.0,7.0,11.0,10.0,6.0
2025-06-20T15:41:35.035714,16.9,5.0,8.0,20.9,8.0,9.9,8.0,6.0
2025-06-20T15:41:36.036279,18.0,5.0,9.0,21.0,6.0,10.0,10.0,6.0
2025-06-20T15:41:37.036734,17.0,5.0,8.0,22.0,8.0,10.0,10.0,5.0
2025-06-20T15:41:38.039068,18.0,5.0,7.0,21.0,7.0,10.0,9.0,6.0
2025-06-20T15:41:39.039566,17.0,6.0,8.0,21.0,8.0,11.0,9.0,6.0
2025-06-20T15:41:40.040141,18.0,4.0,7.0,21.0,7.0,10.0,9.0,6.0
2025-06-20T15:41:41.043371,16.9,5.0,9.0,19.9,8.0,10.0,10.0,6.0
2025-06-20T15:41:42.043947,18.0,7.0,7.0,22.0,7.0,11.0,9.0,6.0
2025-06-20T15:41:43.044710,17.0,4.0,8.0,21.0,7.0,11.0,10.0,6.0
2025-06-20T15:41:44.045365,18.0,6.0,7.0,20.0,7.0,10.0,9.0,6.0
2025-06-20T15:41:45.045997,17.0,5.0,8.0,22.0,7.0,11.0,10.0,6.0
2025-06-20T15:41:46.046508,18.0,5.0,7.0,20.0,8.0,9.0,9.0,5.0
2025-06-20T15:41:47.047184,17.0,5.0,8.0,21.0,7.0,11.0,9.0,7.0
2025-06-20T15:41:48.048186,17.0,5.0,8.0,21.0,7.0,10.0,9.0,5.0
2025-06-20T15:41:49.049383,18.0,6.0,8.0,22.0,8.0,12.0,10.0,6.0
2025-06-20T15:41:50.050688,17.0,5.0,8.0,20.0,8.0,9.0,10.0,7.0
2025-06-20T15:41:51.052741,18.0,6.0,7.0,21.0,7.0,12.0,9.0,6.0
2025-06-20T15:41:52.054758,16.0,5.0,9.0,21.0,8.0,8.0,9.0,5.0
2025-06-20T15:41:53.055420,19.0,4.0,7.0,21.0,7.0,11.0,10.0,6.0
2025-06-20T15:41:54.055979,17.0,6.0,8.0,22.0,7.0,11.0,9.0,7.0
2025-06-20T15:41:55.057278,17.0,5.0,8.0,22.0,8.0,11.0,10.0,6.0
2025-06-20T15:41:56.058425,18.0,6.0,8.0,21.0,7.0,10.0,9.0,5.0
2025-06-20T15:41:57.058909,17.0,5.0,8.0,20.9,7.0,10.0,10.0,7.0
2025-06-20T15:41:58.062279,17.0,5.0,7.0,21.0,8.0,10.0,9.0,5.0
2025-06-20T15:41:59.063867,18.0,5.0,8.0,21.0,8.0,11.0,10.0,6.0
2025-06-20T15:42:00.064852,17.0,6.0,8.0,22.0,8.0,11.0,10.0,7.0
2025-06-20T15:42:01.066175,18.0,5.0,7.0,21.0,6.0,10.0,9.0,6.0
2025-06-20T15:42:02.067463,17.0,4.0,8.0,20.9,8.0,10.0,10.0,5.0
2025-06-20T15:42:03.069176,18.0,7.0,8.0,21.0,7.0,11.0,8.0,6.0
2025-06-20T15:42:04.070479,17.0,4.0,9.0,21.0,7.0,10.0,10.0,6.0
2025-06-20T15:42:05.071047,16.0,5.0,7.0,20.0,7.0,11.0,9.0,6.0
2025-06-20T15:42:06.072386,19.0,6.0,8.0,21.0,8.0,10.0,9.0,7.0
2025-06-20T15:42:07.073796,17.0,5.0,8.0,21.0,7.0,10.0,10.0,5.0
2025-06-20T15:42:08.076036,17.0,6.0,8.0,21.0,7.0,11.0,9.0,6.0
2025-06-20T15:42:09.076730,18.0,4.0,7.0,21.0,8.0,10.0,11.0,6.0
2025-06-20T15:42:10.077736,17.0,5.0,8.0,20.0,7.0,10.0,8.0,6.0
2025-06-20T15:42:11.079104,16.0,5.0,7.0,20.0,6.0,10.0,8.0,5.0
2025-06-20T15:42:12.080451,17.0,5.0,8.0,21.0,8.0,10.0,10.0,7.0
2025-06-20T15:42:13.081764,18.0,6.0,7.0,21.0,7.0,10.0,8.0,5.0
2025-06-20T15:42:14.083563,17.0,5.0,8.0,20.0,7.0,9.0,9.0,6.0
2025-06-20T15:42:15.085477,18.0,6.0,9.0,21.0,8.0,11.0,10.0,6.0
2025-06-20T15:42:16.088464,17.0,5.0,7.0,21.9,7.0,11.0,9.0,6.0
2025-06-20T15:42:17.089540,17.0,4.0,8.0,21.0,7.0,11.0,10.0,6.0
2025-06-20T15:42:18.090212,17.0,6.0,8.0,21.0,7.0,10.0,9.0,6.0
2025-06-20T15:42:19.090972,18.0,6.0,8.0,21.0,8.0,11.0,9.0,6.0
2025-06-20T15:42:20.092150,17.0,5.0,7.0,22.0,7.0,10.0,10.0,5.0
2025-06-20T15:42:21.094837,16.0,4.0,9.0,20.9,8.0,11.0,9.0,7.0
2025-06-20T15:42:22.095548,18.0,6.0,7.0,20.0,7.0,10.0,9.0,6.0
2025-06-20T15:42:23.096431,17.0,5.0,9.0,21.0,8.0,10.0,11.0,6.0
2025-06-20T15:42:24.097006,18.0,6.0,7.0,21.0,7.0,11.0,9.0,6.0
2025-06-20T15:42:25.097845,17.0,4.0,8.0,21.0,8.0,10.0,9.0,5.0
2025-06-20T15:42:26.099279,17.0,6.0,8.0,22.0,7.0,11.0,9.0,7.0
2025-06-20T15:42:27.100242,18.0,5.0,8.0,21.0,8.0,10.0,10.0,6.0
2025-06-20T15:42:28.101265,16.0,5.0,8.0,21.0,7.0,11.0,10.0,5.0
2025-06-20T15:42:29.102045,18.0,6.0,8.0,21.0,7.0,10.0,9.0,7.0
2025-06-20T15:42:30.103459,16.0,5.0,8.0,22.0,7.0,10.0,9.0,6.0
2025-06-20T15:42:31.104244,18.0,5.0,8.0,21.0,7.0,11.0,10.0,6.0
2025-06-20T15:42:32.104766,17.0,5.0,7.0,20.0,8.0,10.0,9.0,6.0
2025-06-20T15:42:33.105680,17.0,6.0,9.0,21.0,7.0,10.0,10.0,6.0
2025-06-20T15:42:34.108459,17.0,5.0,8.0,19.9,8.0,11.0,9.0,6.0
2025-06-20T15:42:35.109016,17.0,5.0,8.0,21.0,7.0,10.0,9.0,6.0
2025-06-20T15:42:36.109852,18.0,6.0,8.0,21.0,7.0,11.0,10.0,6.0
2025-06-20T15:42:37.110564,17.0,5.0,7.0,20.0,7.0,10.0,9.0,6.0
2025-06-20T15:42:38.111902,16.0,5.0,8.0,21.0,8.0,10.0,10.0,5.0
2025-06-20T15:42:39.112943,18.0,5.0,9.0,21.0,8.0,10.0,9.0,6.0
2025-06-20T15:42:40.115477,17.0,6.0,7.0,20.9,6.0,11.0,9.0,6.0
2025-06-20T15:42:41.117515,17.0,5.0,7.0,19.0,7.0,10.0,9.0,6.0
2025-06-20T15:42:42.121460,17.9,5.0,9.0,21.9,9.0,11.0,10.0,7.0
2025-06-20T15:42:43.122257,16.0,6.0,8.0,21.0,7.0,9.0,10.0,6.0
2025-06-20T15:42:44.123150,17.0,4.0,8.0,20.0,7.0,12.0,10.0,5.0
2025-06-20T15:42:45.125271,18.0,6.0,8.0,21.0,7.0,11.0,9.0,6.0
2025-06-20T15:42:46.125886,16.0,5.0,8.0,20.0,8.0,10.0,10.0,7.0
2025-06-20T15:42:47.127550,18.0,5.0,8.0,21.0,7.0,10.0,9.0,6.0
2025-06-20T15:42:48.131239,16.9,6.0,8.0,21.9,7.0,11.0,10.0,6.0
2025-06-20T15:42:49.131785,17.0,5.0,8.0,20.0,8.0,10.0,9.0,6.0
2025-06-20T15:42:50.132505,17.0,5.0,8.0,21.0,7.0,10.9,10.0,5.0
2025-06-20T15:42:51.138439,15.9,6.0,7.9,20.9,7.0,10.0,9.0,7.0
2025-06-20T15:42:52.139577,17.0,5.0,8.0,21.0,8.0,11.0,10.0,5.0
2025-06-20T15:42:53.140464,18.0,5.0,7.0,20.0,7.0,10.0,9.0,7.0
2025-06-20T15:42:54.142245,16.0,5.0,9.0,22.0,8.0,10.0,10.0,6.0
2025-06-20T15:42:55.143275,17.0,5.0,7.0,20.0,7.0,10.0,9.0,5.0
2025-06-20T15:42:56.144675,16.0,5.0,8.0,21.0,7.0,11.0,9.0,6.0
2025-06-20T15:42:57.146032,18.0,6.0,9.0,21.0,8.0,11.0,9.0,6.0
2025-06-20T15:42:58.146797,16.0,5.0,7.0,21.0,7.0,10.0,9.0,6.0
2025-06-20T15:42:59.147499,17.0,6.0,9.0,20.0,7.0,10.0,10.0,6.0
2025-06-20T15:43:00.148149,17.0,5.0,8.0,22.0,8.0,11.0,10.0,7.0
2025-06-20T15:43:01.149120,16.0,4.0,7.0,20.0,7.0,9.0,9.0,5.0
2025-06-20T15:43:02.149585,17.0,6.0,8.0,21.0,7.0,11.0,9.0,6.0
2025-06-20T15:43:03.150887,18.0,6.0,9.0,21.0,8.0,11.0,10.0,6.0
2025-06-20T15:43:04.151474,17.0,5.0,9.0,21.0,7.0,10.0,9.0,6.0
2025-06-20T15:43:05.152275,17.0,5.0,8.0,21.0,7.0,11.0,10.0,7.0
2025-06-20T15:43:06.152824,17.0,6.0,8.0,21.0,8.0,11.0,10.0,6.0
2025-06-20T15:43:07.153461,18.0,5.0,9.0,20.0,7.0,9.0,9.0,5.0
2025-06-20T15:43:08.154386,16.0,5.0,6.0,22.0,7.0,11.0,10.0,6.0
2025-06-20T15:43:09.155000,17.0,5.0,9.0,20.9,8.0,11.0,10.0,6.0
2025-06-20T15:43:10.159293,16.9,6.0,8.0,21.0,8.0,11.0,9.0,7.0
2025-06-20T15:43:11.159871,17.0,4.0,8.0,21.0,7.0,10.0,9.0,5.0
2025-06-20T15:43:12.160532,18.0,6.0,8.0,22.0,7.0,11.0,10.0,6.0
2025-06-20T15:43:13.161693,16.0,6.0,8.0,20.0,8.0,10.0,9.0,6.0
2025-06-20T15:43:14.162278,16.0,5.0,8.0,22.0,7.0,11.0,10.0,6.0
2025-06-20T15:43:15.162839,17.0,5.0,8.0,20.0,7.0,10.0,9.0,6.0
2025-06-20T15:43:16.163378,17.0,5.0,8.0,20.0,8.0,10.0,9.0,6.0
2025-06-20T15:43:17.163964,16.0,5.0,7.0,21.0,7.0,11.0,10.0,5.0
2025-06-20T15:43:18.164404,17.0,6.0,9.0,21.0,7.0,10.0,9.0,7.0
2025-06-20T15:43:19.165180,16.0,5.0,7.0,20.0,7.0,10.0,10.0,5.0
2025-06-20T15:43:20.168830,16.9,5.0,9.0,20.9,7.0,10.0,8.0,6.0
2025-06-20T15:43:21.169617,17.0,5.0,8.0,21.0,8.0,11.0,10.0,7.0
2025-06-20T15:43:22.170719,17.0,6.0,7.0,21.0,7.0,11.0,10.0,5.0
2025-06-20T15:43:23.171260,17.0,5.0,8.0,21.0,8.0,10.0,9.0,6.0
2025-06-20T15:43:24.172319,18.0,5.0,9.0,20.0,8.0,11.0,10.0,6.0
2025-06-20T15:43:25.173796,16.0,5.0,7.0,21.0,7.0,10.0,9.0,6.0
2025-06-20T15:43:26.174479,17.0,5.0,9.0,21.0,7.0,11.0,9.0,6.0
2025-06-20T15:43:27.175256,17.0,6.0,8.0,21.0,7.0,10.0,10.0,7.0
2025-06-20T15:43:28.175849,17.0,5.0,8.0,21.0,7.0,10.0,9.0,5.0
2025-06-20T15:43:29.176304,16.0,5.0,7.0,20.0,8.0,12.0,10.0,6.0
2025-06-20T15:43:30.176823,17.0,5.0,8.0,22.0,7.0,9.0,9.0,6.0
2025-06-20T15:43:31.178379,16.0,6.0,8.0,19.9,7.0,11.0,9.0,6.0
2025-06-20T15:43:32.181482,17.0,5.0,8.0,21.0,7.0,10.0,10.0,5.0
2025-06-20T15:43:33.182108,17.0,6.0,8.0,21.0,8.0,10.0,9.0,7.0
2025-06-20T15:43:34.182692,16.0,4.0,7.0,21.0,7.0,11.0,10.0,5.0
2025-06-20T15:43:35.183354,17.0,6.0,8.0,21.0,7.0,10.0,9.0,7.0
2025-06-20T15:43:36.184064,16.0,5.0,7.0,21.0,7.0,10.0,9.0,6.0
2025-06-20T15:43:37.185353,17.0,5.0,8.0,19.9,7.0,9.0,8.0,6.0
2025-06-20T15:43:38.189117,15.0,4.0,7.0,20.0,7.0,10.0,8.0,5.0
2025-06-20T15:43:39.190030,16.0,5.0,6.0,20.0,6.0,8.0,8.0,6.0
2025-06-20T15:43:40.191212,16.0,5.0,8.0,21.0,7.0,10.0,9.0,5.0
2025-06-20T15:43:41.191709,17.0,6.0,9.0,21.0,7.0,10.0,9.0,6.0
2025-06-20T15:43:42.192272,17.0,4.0,6.0,21.0,8.0,11.0,10.0,7.0
2025-06-20T15:43:43.192911,18.0,6.0,8.0,20.0,8.0,10.0,9.0,5.0
2025-06-20T15:43:44.194701,17.0,5.0,9.0,22.0,7.0,10.0,9.0,6.0
2025-06-20T15:43:45.196637,16.0,6.0,7.0,21.0,7.0,11.0,9.0,6.0
2025-06-20T15:43:46.198013,17.0,5.0,8.0,20.0,7.0,10.0,9.0,6.0
2025-06-20T15:43:47.200121,16.0,5.0,8.0,20.0,7.0,10.0,10.0,6.0
2025-06-20T15:43:48.200718,16.0,5.0,8.0,21.0,7.0,10.0,9.0,6.0
2025-06-20T15:43:49.201840,16.0,5.0,6.0,18.0,6.0,9.0,8.0,5.0
2025-06-20T15:43:50.203612,16.0,4.0,8.0,20.9,8.0,10.0,9.0,6.0
2025-06-20T15:43:51.205031,17.0,6.0,9.0,22.0,8.0,11.0,9.0,6.0
2025-06-20T15:43:52.206599,17.0,6.0,8.0,21.0,7.0,11.0,10.0,7.0
2025-06-20T15:43:53.208582,17.0,5.0,7.0,21.0,7.0,10.0,10.0,5.0
2025-06-20T15:43:54.209196,17.0,5.0,9.0,21.0,8.0,10.0,9.0,6.0
2025-06-20T15:43:55.213469,16.9,5.0,8.0,20.9,7.0,10.0,9.0,7.0
2025-06-20T15:43:56.216841,16.9,5.0,8.0,19.9,8.0,12.0,9.0,6.0
2025-06-20T15:43:57.217622,16.0,6.0,7.0,22.0,7.0,10.0,10.0,5.0
2025-06-20T15:43:58.218330,17.0,5.0,8.0,21.0,7.0,10.0,9.0,6.0
2025-06-20T15:43:59.219502,16.0,5.0,8.0,20.0,7.0,10.0,9.0,6.0
2025-06-20T15:44:00.220465,17.0,5.0,9.0,21.0,7.0,10.0,10.0,6.0
2025-06-20T15:44:01.221798,16.0,6.0,8.0,21.0,8.0,11.0,9.0,7.0
2025-06-20T15:44:02.223107,16.0,5.0,8.0,20.0,7.0,10.0,10.0,5.0
2025-06-20T15:44:03.224890,17.0,5.0,7.0,21.0,8.0,11.0,9.0,6.0
2025-06-20T15:44:04.226986,17.0,5.0,9.0,21.0,7.0,9.0,10.0,6.0
2025-06-20T15:44:05.227680,17.0,5.0,8.0,22.0,7.0,11.0,9.0,6.0
2025-06-20T15:44:06.228510,17.0,6.0,7.0,20.0,7.0,11.0,9.0,6.0
2025-06-20T15:44:07.229544,16.0,5.0,8.0,21.0,7.0,9.0,9.0,6.0
2025-06-20T15:44:08.230140,16.0,5.0,8.0,21.0,8.0,11.0,11.0,6.0
2025-06-20T15:44:09.230944,17.0,6.0,9.0,21.0,8.0,11.0,9.0,6.0
2025-06-20T15:44:10.232020,16.0,5.0,8.0,21.0,7.0,10.0,9.0,6.0
2025-06-20T15:44:11.233040,17.0,4.0,7.0,20.0,7.0,11.0,10.0,5.0
2025-06-20T15:44:12.234425,17.0,6.0,8.0,22.0,8.0,10.0,9.0,7.0
2025-06-20T15:44:13.234863,16.0,5.0,9.0,22.0,7.0,11.0,10.0,5.0
2025-06-20T15:44:14.236946,17.0,5.0,7.0,21.0,7.0,11.0,10.0,7.0
2025-06-20T15:44:15.237485,17.0,6.0,9.0,21.0,8.0,10.0,9.0,6.0
2025-06-20T15:44:16.238122,16.0,5.0,7.0,19.0,7.0,10.0,9.0,6.0
2025-06-20T15:44:17.238646,16.0,5.0,8.0,22.0,7.0,11.0,10.0,5.0
2025-06-20T15:44:18.239119,17.0,6.0,8.0,21.0,8.0,11.0,10.0,7.0
2025-06-20T15:44:19.241643,17.0,5.0,7.0,20.0,6.0,9.0,8.0,5.0
2025-06-20T15:44:20.242293,17.0,5.0,7.0,20.0,8.0,10.0,10.0,6.0
2025-06-20T15:44:21.242874,16.0,6.0,8.0,20.0,7.0,10.0,9.0,6.0
2025-06-20T15:44:22.245372,16.0,4.0,8.0,20.0,7.0,11.0,9.0,6.0
2025-06-20T15:44:23.246016,17.0,5.0,8.0,20.0,8.0,11.0,10.0,6.0
2025-06-20T15:44:24.246527,16.0,6.0,8.0,21.0,7.0,10.0,9.0,6.0
2025-06-20T15:44:25.247150,17.0,6.0,8.0,20.0,7.0,10.0,10.0,6.0
2025-06-20T15:44:26.247816,16.0,4.0,8.0,20.0,7.0,11.0,8.0,5.0
2025-06-20T15:44:27.248401,17.0,6.0,7.0,20.0,8.0,10.0,10.0,7.0
2025-06-20T15:44:28.248967,16.0,5.0,9.0,19.0,8.0,10.0,9.0,5.0
2025-06-20T15:44:29.249631,17.0,5.0,7.0,21.0,7.0,11.0,10.0,6.0
2025-06-20T15:44:30.250399,16.0,6.0,8.0,21.0,7.0,11.0,9.0,6.0
2025-06-20T15:44:31.251087,17.0,4.0,8.0,20.0,7.0,10.0,10.0,7.0
2025-06-20T15:44:32.251672,15.0,6.0,7.0,20.0,8.0,10.0,9.0,5.0
2025-06-20T15:44:33.252208,17.0,5.0,9.0,20.0,8.0,11.0,10.0,6.0
2025-06-20T15:44:34.252770,17.0,6.0,8.0,21.0,7.0,11.0,10.0,6.0
2025-06-20T15:44:35.253228,16.0,5.0,8.0,20.0,8.0,10.0,9.0,6.0
2025-06-20T15:44:36.254141,17.0,5.0,7.0,20.0,7.0,11.0,9.0,6.0
2025-06-20T15:44:37.255499,16.0,6.0,8.0,20.0,7.0,10.0,10.0,6.0
2025-06-20T15:44:38.258215,17.0,4.0,8.0,19.9,7.0,10.0,9.0,6.0
2025-06-20T15:44:39.259671,16.0,6.0,8.0,19.9,8.0,10.0,10.0,7.0
2025-06-20T15:44:40.264705,16.9,5.0,8.0,19.9,8.0,10.0,10.0,5.0
2025-06-20T15:44:41.265166,16.0,6.0,7.0,20.0,7.0,11.0,9.0,6.0
2025-06-20T15:44:42.265635,17.0,5.0,9.0,21.0,7.0,11.0,10.0,7.0
2025-06-20T15:44:43.267368,16.0,6.0,7.0,18.9,8.0,10.0,9.0,5.0
2025-06-20T15:44:44.269527,17.0,5.0,9.0,20.0,7.0,11.0,10.0,5.0
2025-06-20T15:44:45.270104,17.0,5.0,8.0,20.0,7.0,10.0,9.0,7.0
2025-06-20T15:44:46.271634,16.0,5.0,8.0,19.0,8.0,11.0,9.0,6.0
2025-06-20T15:44:47.272385,16.0,6.0,7.0,20.0,7.0,9.0,9.0,6.0
2025-06-20T15:44:48.273056,18.0,5.0,8.0,21.0,7.0,11.0,11.0,6.0
2025-06-20T15:44:49.273850,16.0,5.0,8.0,19.0,8.0,11.0,8.0,6.0
2025-06-20T15:44:50.275049,17.0,5.0,8.0,20.0,8.0,10.0,9.0,6.0
2025-06-20T15:44:51.277694,16.0,5.0,8.0,19.0,7.0,11.0,11.0,6.0
2025-06-20T15:44:52.280616,17.0,5.0,7.0,20.9,7.0,10.0,9.0,5.0
2025-06-20T15:44:53.281906,16.0,6.0,8.0,20.0,8.0,11.0,9.0,7.0
2025-06-20T15:44:54.282553,16.0,5.0,7.0,20.0,7.0,9.0,9.0,5.0
2025-06-20T15:44:55.283059,16.0,5.0,8.0,19.0,8.0,11.0,10.0,7.0
2025-06-20T15:44:56.284025,17.0,5.0,8.0,21.0,7.0,11.0,10.0,5.0
2025-06-20T15:44:57.285350,16.0,6.0,8.0,20.0,7.0,10.0,9.0,6.0
2025-06-20T15:44:58.286023,16.0,5.0,9.0,20.0,7.0,11.0,9.0,6.0
2025-06-20T15:44:59.287380,16.0,5.0,7.0,20.0,8.0,10.0,10.0,6.0
2025-06-20T15:45:00.287888,18.0,6.0,8.0,20.0,7.0,10.0,10.0,7.0
2025-06-20T15:45:01.289103,16.0,4.0,7.0,20.0,8.0,11.0,8.0,5.0
2025-06-20T15:45:02.290569,16.0,6.0,8.0,21.0,8.0,10.0,10.0,6.0
2025-06-20T15:45:03.291149,16.0,5.0,9.0,19.0,7.0,11.0,10.0,6.0
2025-06-20T15:45:04.291619,17.0,5.0,7.0,20.0,7.0,11.0,9.0,6.0
2025-06-20T15:45:05.292330,16.0,6.0,8.0,19.0,7.0,10.0,9.0,6.0
2025-06-20T15:45:06.292996,17.0,5.0,7.0,20.0,8.0,10.0,10.0,6.0
2025-06-20T15:45:07.293739,16.0,5.0,8.0,20.0,7.0,11.0,9.0,5.0
2025-06-20T15:45:08.294553,16.0,6.0,8.0,19.0,8.0,9.0,10.0,6.0
2025-06-20T15:45:09.295094,17.0,4.0,8.0,21.0,6.0,11.0,9.0,7.0
2025-06-20T15:45:10.297041,15.0,6.0,7.0,20.0,7.0,10.0,9.0,6.0
2025-06-20T15:45:11.298867,16.0,5.0,7.0,19.0,8.0,11.0,9.0,6.0
2025-06-20T15:45:12.299450,17.0,5.0,8.0,21.0,8.0,9.0,10.0,6.0
2025-06-20T15:45:13.300612,16.0,5.0,8.0,20.0,6.0,11.0,10.0,6.0
2025-06-20T15:45:14.301189,16.0,6.0,8.0,20.0,8.0,10.0,8.0,5.0
2025-06-20T15:45:15.302232,16.0,5.0,8.0,20.0,7.0,11.0,10.0,7.0
2025-06-20T15:45:16.303853,16.0,5.0,7.0,20.0,7.0,10.0,9.0,6.0
2025-06-20T15:45:17.304557,17.0,5.0,8.0,20.0,7.0,10.0,10.0,5.0
2025-06-20T15:45:18.308464,16.9,6.0,8.0,20.0,8.0,11.0,10.0,7.0
2025-06-20T15:45:19.309046,15.0,5.0,8.0,20.0,7.0,10.0,9.0,6.0
2025-06-20T15:45:20.309676,17.0,5.0,8.0,20.0,8.0,11.0,9.0,6.0
2025-06-20T15:45:21.311367,16.0,6.0,7.0,21.0,8.0,11.0,10.0,6.0
2025-06-20T15:45:22.312133,16.0,5.0,8.0,19.0,7.0,10.0,10.0,5.0
2025-06-20T15:45:23.312914,16.0,5.0,8.0,20.0,7.0,10.0,9.0,7.0
2025-06-20T15:45:24.313886,16.0,6.0,8.0,21.0,8.0,11.0,9.0,6.0
2025-06-20T15:45:25.315544,17.0,4.0,8.0,20.0,7.0,9.0,10.0,5.0
2025-06-20T15:45:26.316261,15.0,5.0,8.0,20.0,7.0,11.0,9.0,6.0
2025-06-20T15:45:27.317249,17.0,6.0,8.0,20.0,8.0,11.0,10.0,6.0
2025-06-20T15:45:28.319526,16.0,6.0,8.0,20.0,6.0,10.0,8.0,7.0
2025-06-20T15:45:29.320198,16.0,4.0,7.0,21.0,8.0,10.0,10.0,6.0
2025-06-20T15:45:30.321052,17.0,6.0,9.0,20.0,8.0,11.0,10.0,5.0
2025-06-20T15:45:31.322147,16.0,5.0,7.0,20.0,7.0,10.0,10.0,6.0
2025-06-20T15:45:32.322798,16.0,5.0,8.0,19.0,7.0,10.0,8.0,6.0
2025-06-20T15:45:33.323336,17.0,6.0,8.0,21.0,8.0,11.0,11.0,6.0
2025-06-20T15:45:34.325630,15.0,5.0,7.0,20.0,7.0,10.0,9.0,6.0
2025-06-20T15:45:35.326058,16.0,5.0,9.0,20.0,7.0,10.0,8.0,7.0
2025-06-20T15:45:36.327233,16.0,5.0,8.0,20.0,7.0,11.0,10.0,5.0
2025-06-20T15:45:37.327889,16.0,5.0,6.0,19.0,7.0,10.0,9.0,6.0
2025-06-20T15:45:38.330030,16.0,5.0,8.0,20.0,8.0,10.0,10.0,5.0
2025-06-20T15:45:39.330613,16.0,5.0,9.0,21.0,7.0,9.0,9.0,7.0
2025-06-20T15:45:40.331486,16.0,6.0,7.0,19.0,7.0,12.0,9.0,6.0
2025-06-20T15:45:41.334306,16.0,5.0,7.0,19.9,8.0,10.0,10.0,5.0
2025-06-20T15:45:42.336596,17.0,6.0,9.0,20.0,8.0,10.0,9.0,6.0
2025-06-20T15:45:43.339248,16.0,5.0,7.0,19.9,6.0,11.0,9.0,6.0
2025-06-20T15:45:44.339814,16.0,5.0,8.0,20.0,8.0,10.0,10.0,7.0
2025-06-20T15:45:45.342606,17.0,6.0,8.0,19.9,7.0,10.0,10.0,6.0
2025-06-20T15:45:46.345965,14.9,4.0,8.0,19.9,8.0,10.0,10.0,5.0
2025-06-20T15:45:47.346983,16.0,5.0,8.0,20.0,7.0,10.0,9.0,6.0
2025-06-20T15:45:48.347700,17.0,6.0,8.0,19.0,8.0,11.0,10.0,7.0
2025-06-20T15:45:49.348319,15.0,5.0,9.0,20.0,7.0,10.0,9.0,6.0
2025-06-20T15:45:50.348808,17.0,5.0,7.0,20.0,7.0,10.0,10.0,5.0
2025-06-20T15:45:51.349424,15.0,6.0,9.0,21.0,8.0,11.0,9.0,7.0
2025-06-20T15:45:52.349984,16.0,5.0,7.0,19.0,7.0,11.0,9.0,6.0
2025-06-20T15:45:53.351386,16.0,5.0,9.0,21.0,7.0,10.0,9.0,5.0
2025-06-20T15:45:54.351847,16.0,6.0,8.0,19.0,8.0,10.0,11.0,7.0
2025-06-20T15:45:55.352955,15.0,4.0,7.0,21.0,7.0,10.0,8.0,5.0
2025-06-20T15:45:56.353829,16.0,6.0,8.0,19.0,8.0,10.0,10.0,6.0
2025-06-20T15:45:57.354437,16.0,5.0,8.0,20.0,7.0,11.0,9.0,7.0
2025-06-20T15:45:58.355021,16.0,5.0,7.0,20.0,7.0,10.0,9.0,5.0
2025-06-20T15:45:59.357732,16.0,6.0,8.0,20.0,7.0,10.0,10.0,6.0
2025-06-20T15:46:00.360947,16.9,5.0,9.0,20.0,8.0,11.0,10.0,6.0
2025-06-20T15:46:01.363053,16.0,5.0,7.0,20.0,7.0,11.0,9.0,7.0
2025-06-20T15:46:02.364181,16.0,6.0,9.0,21.0,8.0,10.0,10.0,5.0
2025-06-20T15:46:03.364752,16.0,5.0,7.0,20.0,7.0,11.0,9.0,7.0
2025-06-20T15:46:04.365267,16.0,5.0,7.0,20.0,7.0,10.0,10.0,6.0
2025-06-20T15:46:05.366064,16.0,6.0,9.0,20.0,8.0,10.0,10.0,6.0
2025-06-20T15:46:06.367846,16.0,5.0,8.0,19.0,7.0,11.0,9.0,5.0
2025-06-20T15:46:07.369332,17.0,5.0,8.0,20.0,8.0,9.0,9.0,6.0
2025-06-20T15:46:08.370356,16.0,5.0,7.0,20.0,7.0,11.0,10.0,6.0
2025-06-20T15:46:09.371015,16.0,5.0,8.0,20.0,7.0,11.0,9.0,6.0
2025-06-20T15:46:10.371992,15.0,6.0,7.0,19.0,7.0,9.0,9.0,6.0
2025-06-20T15:46:11.373350,16.0,4.0,8.0,19.0,7.0,9.0,9.0,6.0
2025-06-20T15:46:12.374829,15.0,6.0,8.0,21.0,7.0,10.0,9.0,6.0
2025-06-20T15:46:13.377143,17.0,5.0,7.0,19.0,7.0,10.0,8.0,6.0
2025-06-20T15:46:14.379512,16.0,5.0,8.0,19.0,7.0,10.0,10.0,5.0
2025-06-20T15:46:15.381135,15.0,5.0,8.0,21.0,8.0,10.0,9.0,6.0
2025-06-20T15:46:16.381709,17.0,6.0,8.0,19.0,7.0,11.0,10.0,6.0
2025-06-20T15:46:17.383107,15.0,4.0,8.0,21.0,7.0,10.0,9.0,6.0
2025-06-20T15:46:18.383616,17.0,7.0,8.0,20.0,8.0,10.0,10.0,7.0
2025-06-20T15:46:19.384318,16.0,4.0,8.0,19.0,7.0,10.0,9.0,5.0
2025-06-20T15:46:20.385405,16.0,6.0,8.0,20.0,7.0,10.0,9.0,7.0
2025-06-20T15:46:21.385889,15.0,4.0,8.0,21.0,9.0,11.0,10.0,6.0
2025-06-20T15:46:22.388472,16.0,6.0,8.0,20.0,6.0,10.0,9.0,5.0
2025-06-20T15:46:23.389053,16.0,6.0,7.0,19.0,7.0,10.0,10.0,6.0
2025-06-20T15:46:24.390622,16.0,5.0,9.0,20.0,8.0,11.0,9.0,6.0
2025-06-20T15:46:25.391143,16.0,5.0,8.0,19.0,7.0,9.0,10.0,6.0
2025-06-20T15:46:26.391569,15.0,5.0,8.0,20.0,8.0,11.0,10.0,6.0
2025-06-20T15:46:27.394341,16.0,6.0,8.0,19.9,8.0,10.0,9.0,7.0
2025-06-20T15:46:28.394877,17.0,4.0,8.0,20.0,6.0,10.0,10.0,5.0
2025-06-20T15:46:29.395775,15.0,6.0,8.0,20.0,8.0,11.0,9.0,6.0
2025-06-20T15:46:30.397720,17.0,5.0,9.0,20.0,7.0,11.0,9.0,7.0
2025-06-20T15:46:31.398298,16.0,6.0,7.0,19.0,8.0,10.0,10.0,5.0
2025-06-20T15:46:32.398741,15.0,5.0,8.0,20.0,8.0,11.0,10.0,7.0
2025-06-20T15:46:33.402420,15.9,5.0,8.0,20.9,7.0,10.0,9.0,6.0
2025-06-20T15:46:34.403073,16.0,5.0,7.0,19.0,7.0,10.0,10.0,5.0
2025-06-20T15:46:35.404768,16.0,6.0,9.0,20.0,8.0,10.0,9.0,7.0
2025-06-20T15:46:36.405898,16.0,5.0,9.0,21.0,7.0,11.0,10.0,6.0
2025-06-20T15:46:37.406498,15.0,5.0,7.0,20.0,7.0,10.0,9.0,5.0
2025-06-20T15:46:38.407869,17.0,6.0,8.0,19.0,8.0,10.0,10.0,6.0
2025-06-20T15:46:39.410817,16.0,5.0,9.0,21.0,8.0,11.0,9.0,7.0
2025-06-20T15:46:40.411806,15.0,4.0,8.0,19.0,6.0,9.0,10.0,5.0
2025-06-20T15:46:41.412608,16.0,6.0,7.0,21.0,8.0,11.0,9.0,6.0
2025-06-20T15:46:42.413050,16.0,5.0,8.0,19.0,7.0,10.0,9.0,6.0
2025-06-20T15:46:43.413596,15.0,6.0,8.0,20.0,7.0,10.0,10.0,6.0
2025-06-20T15:46:44.414261,16.0,5.0,8.0,19.0,8.0,10.0,9.0,6.0
2025-06-20T15:46:45.415031,16.0,5.0,9.0,21.0,8.0,11.0,9.0,7.0
2025-06-20T15:46:46.416564,16.0,5.0,7.0,21.0,7.0,10.0,10.0,6.0
2025-06-20T15:46:47.417426,15.0,6.0,9.0,20.0,7.0,11.0,10.0,5.0
2025-06-20T15:46:48.418415,16.0,5.0,7.0,20.0,8.0,10.0,9.0,6.0
2025-06-20T15:46:49.419104,16.0,5.0,9.0,19.0,7.0,11.0,10.0,7.0
2025-06-20T15:46:50.420042,16.0,6.0,8.0,20.9,8.0,9.0,9.0,5.0
2025-06-20T15:46:51.422551,15.0,5.0,8.0,20.0,7.0,11.0,9.0,7.0
2025-06-20T15:46:52.423487,15.0,5.0,8.0,19.0,8.0,10.0,10.0,5.0
2025-06-20T15:46:53.424546,17.0,6.0,8.0,20.0,7.0,10.0,10.0,6.0
2025-06-20T15:46:54.425474,15.0,4.0,8.0,20.0,8.0,11.0,10.0,7.0
2025-06-20T15:46:55.426646,16.0,6.0,8.0,20.0,6.0,10.0,9.0,5.0
2025-06-20T15:46:56.427356,16.0,5.0,9.0,20.0,8.0,10.0,9.0,6.0
2025-06-20T15:46:57.427886,16.0,6.0,7.0,20.0,8.0,9.0,9.0,6.0
2025-06-20T15:46:58.428423,15.0,4.0,7.0,20.0,7.0,11.0,10.0,6.0
2025-06-20T15:46:59.429224,16.0,6.0,9.0,20.0,7.0,10.0,9.0,6.0
2025-06-20T15:47:00.429864,16.0,6.0,8.0,20.0,8.0,11.0,10.0,6.0
2025-06-20T15:47:01.430442,15.0,5.0,8.0,20.0,7.0,9.0,9.0,5.0
2025-06-20T15:47:02.431160,16.0,4.0,8.0,20.0,7.0,11.0,9.0,7.0
2025-06-20T15:47:03.432730,17.0,6.0,9.0,21.0,8.0,11.0,10.0,6.0
2025-06-20T15:47:04.433889,14.0,6.0,8.0,20.0,7.0,9.0,9.0,6.0
2025-06-20T15:47:05.434864,16.0,5.0,7.0,20.0,7.0,11.0,9.0,6.0
2025-06-20T15:47:06.435310,16.0,5.0,9.0,20.0,8.0,10.0,10.0,6.0
2025-06-20T15:47:07.437280,15.0,5.0,7.0,20.0,8.0,11.0,9.0,5.0
2025-06-20T15:47:08.438433,16.0,5.0,8.0,20.0,7.0,9.0,10.0,7.0
2025-06-20T15:47:09.439957,16.0,6.0,9.0,20.0,8.0,10.0,9.0,5.0
2025-06-20T15:47:10.440388,15.0,5.0,7.0,20.0,7.0,11.0,9.0,7.0
2025-06-20T15:47:11.442875,16.0,5.0,10.0,19.9,7.0,10.0,10.0,5.0
2025-06-20T15:47:12.444130,16.0,6.0,7.0,20.0,7.0,10.0,9.0,7.0
2025-06-20T15:47:13.445123,15.0,5.0,7.0,19.0,7.0,10.0,10.0,6.0
2025-06-20T15:47:14.445705,16.0,5.0,9.0,20.0,8.0,11.0,9.0,5.0
2025-06-20T15:47:15.446367,16.0,6.0,8.0,20.0,8.0,10.0,11.0,6.0
2025-06-20T15:47:16.448469,15.0,5.0,8.0,19.9,6.0,10.0,8.0,6.0
2025-06-20T15:47:17.450039,15.0,5.0,8.0,19.0,8.0,10.0,9.0,6.0
2025-06-20T15:47:18.451320,16.0,5.0,7.0,20.0,7.0,10.0,11.0,6.0
2025-06-20T15:47:19.453292,15.0,5.0,9.0,21.0,7.0,10.0,9.0,6.0
2025-06-20T15:47:20.455498,15.0,6.0,7.0,20.0,8.0,11.0,10.0,6.0
2025-06-20T15:47:21.456258,17.0,5.0,10.0,20.0,8.0,9.0,9.0,6.0
2025-06-20T15:47:22.457678,15.0,5.0,7.0,19.0,7.0,10.0,9.0,6.0
2025-06-20T15:47:23.459387,15.0,5.0,8.0,20.0,7.0,11.0,10.0,6.0
2025-06-20T15:47:24.460780,16.0,6.0,9.0,21.0,8.0,10.0,8.0,5.0
2025-06-20T15:47:25.461290,15.0,4.0,7.0,20.0,7.0,10.0,10.0,6.0
2025-06-20T15:47:26.461751,16.0,6.0,9.0,20.0,7.0,10.0,10.0,6.0
2025-06-20T15:47:27.462404,15.0,5.0,8.0,21.0,8.0,11.0,9.0,7.0
2025-06-20T15:47:28.463255,15.0,5.0,8.0,20.0,7.0,10.0,10.0,5.0
2025-06-20T15:47:29.465108,16.0,6.0,7.0,20.0,8.0,10.0,9.0,7.0
2025-06-20T15:47:30.465981,16.0,5.0,9.0,20.0,7.0,10.0,10.0,6.0
2025-06-20T15:47:31.466930,16.0,5.0,7.0,19.9,7.0,11.0,9.0,5.0
2025-06-20T15:47:32.469320,16.0,5.0,10.0,20.0,7.0,10.0,10.0,6.0
2025-06-20T15:47:33.470106,14.0,6.0,7.0,19.0,8.0,11.0,9.0,7.0
2025-06-20T15:47:34.471955,16.0,5.0,9.0,21.0,7.0,10.0,10.0,6.0
2025-06-20T15:47:35.472473,16.0,5.0,7.0,20.0,7.0,9.0,9.0,5.0
2025-06-20T15:47:36.472957,15.0,5.0,7.0,20.0,8.0,10.0,9.0,6.0
2025-06-20T15:47:37.474086,15.0,6.0,9.0,19.0,7.0,11.0,9.0,6.0
2025-06-20T15:47:38.476714,15.0,5.0,8.0,19.9,8.0,9.0,11.0,6.0
2025-06-20T15:47:39.477501,16.0,6.0,8.0,20.0,7.0,11.0,9.0,6.0
2025-06-20T15:47:40.478069,15.0,4.0,9.0,20.0,7.0,10.0,9.0,6.0
2025-06-20T15:47:41.478938,15.0,6.0,7.0,20.0,7.0,10.0,10.0,5.0
2025-06-20T15:47:42.480601,16.0,5.0,10.0,20.0,8.0,11.0,9.0,7.0
2025-06-20T15:47:43.483099,16.0,5.0,6.0,19.9,7.0,10.0,10.0,6.0
2025-06-20T15:47:44.483751,15.0,5.0,8.0,21.0,8.0,10.0,9.0,6.0
2025-06-20T15:47:45.485964,16.0,6.0,8.0,20.0,8.0,11.0,10.0,6.0
2025-06-20T15:47:46.487198,15.0,5.0,8.0,19.0,6.0,9.0,8.0,6.0
2025-06-20T15:47:47.489800,15.0,4.0,9.0,19.9,8.0,9.0,9.0,5.0
2025-06-20T15:47:48.490763,15.0,6.0,6.0,19.0,6.0,11.0,10.0,6.0
2025-06-20T15:47:49.493624,15.0,5.0,8.0,19.0,7.0,9.0,8.0,6.0
2025-06-20T15:47:50.494492,15.0,5.0,8.0,20.0,7.0,9.0,9.0,6.0
2025-06-20T15:47:51.495232,15.0,5.0,8.0,20.0,8.0,10.0,9.0,6.0
2025-06-20T15:47:52.496255,16.0,5.0,7.0,19.0,7.0,10.0,9.0,6.0
2025-06-20T15:47:53.496855,15.0,5.0,9.0,21.0,7.0,11.0,10.0,6.0
2025-06-20T15:47:54.497659,15.0,6.0,8.0,19.9,8.0,10.0,9.0,6.0
2025-06-20T15:47:55.501420,15.9,5.0,7.0,19.0,7.0,10.0,10.0,6.0
2025-06-20T15:47:56.501984,15.0,5.0,9.0,21.0,7.0,11.0,9.0,6.0
2025-06-20T15:47:57.502575,16.0,6.0,8.0,20.0,8.0,10.0,10.0,6.0
2025-06-20T15:47:58.503880,15.0,4.0,7.0,19.0,7.0,9.0,9.0,5.0
2025-06-20T15:47:59.505351,16.0,6.0,8.0,20.0,7.0,11.0,10.0,6.0
2025-06-20T15:48:00.507386,15.0,6.0,9.0,21.0,8.0,10.0,9.0,7.0
2025-06-20T15:48:01.507997,15.0,4.0,7.0,20.0,8.0,10.0,9.0,6.0
2025-06-20T15:48:02.511021,16.0,6.0,8.0,19.9,7.0,10.0,10.0,6.0
2025-06-20T15:48:03.514254,15.9,5.0,8.0,20.9,7.0,11.0,10.0,6.0
2025-06-20T15:48:04.515364,15.0,6.0,9.0,19.0,8.0,10.0,10.0,5.0
2025-06-20T15:48:05.517395,15.0,5.0,7.0,20.9,7.0,10.0,9.0,6.0
2025-06-20T15:48:06.519002,15.0,5.0,8.0,20.0,8.0,11.0,9.0,7.0
2025-06-20T15:48:07.519683,16.0,6.0,7.0,20.0,7.0,9.0,10.0,5.0
2025-06-20T15:48:08.520769,15.0,5.0,8.0,19.0,8.0,11.0,9.0,7.0
2025-06-20T15:48:09.521977,16.0,5.0,9.0,21.0,7.0,10.0,9.0,6.0
2025-06-20T15:48:10.523142,14.0,5.0,8.0,20.0,7.0,10.0,9.0,6.0
