timestamp,amcl,map_server,controller_server,smoother_server,planner_server,behavior_server,bt_navigator,velocity_smoother
2025-06-06T15:03:05.632427,0.0,0.0,0.0,0.0,0.0,0.0,0.0,0.0
2025-06-06T15:03:06.633948,6.0,7.0,11.0,6.0,4.0,7.0,7.0,4.0
2025-06-06T15:03:07.634395,9.0,8.0,14.0,9.0,7.0,9.0,10.0,9.0
2025-06-06T15:03:08.634972,9.0,9.0,11.0,12.0,10.0,6.0,9.0,7.0
2025-06-06T15:03:09.636015,9.0,9.0,11.0,11.0,11.0,9.0,10.0,8.0
2025-06-06T15:03:10.636644,9.0,9.0,10.0,8.0,11.0,10.0,9.0,7.0
2025-06-06T15:03:11.637850,9.0,4.0,9.0,7.0,6.0,5.0,6.0,4.0
2025-06-06T15:03:12.638405,7.0,5.0,8.0,7.0,7.0,6.0,6.0,4.0
2025-06-06T15:03:13.639075,7.0,3.0,9.0,5.0,6.0,4.0,6.0,3.0
2025-06-06T15:03:14.639780,8.0,4.0,10.0,5.0,5.0,4.0,5.0,2.0
2025-06-06T15:03:15.640343,6.0,4.0,9.0,6.0,10.0,5.0,7.0,3.0
2025-06-06T15:03:16.640818,9.0,6.0,12.0,8.0,11.0,10.0,27.0,7.0
2025-06-06T15:03:17.641441,8.0,6.0,10.0,8.0,9.0,9.0,11.0,5.0
2025-06-06T15:03:18.642929,8.0,5.0,11.0,6.0,10.0,8.0,10.0,5.0
2025-06-06T15:03:19.643728,8.0,5.0,9.0,6.0,8.0,7.0,10.0,5.0
2025-06-06T15:03:20.644201,7.0,5.0,11.0,7.0,9.0,9.0,9.0,5.0
2025-06-06T15:03:21.645502,8.0,6.0,10.0,7.0,9.0,7.0,10.0,5.0
2025-06-06T15:03:22.646796,8.0,4.0,10.0,7.0,8.0,9.0,11.0,6.0
2025-06-06T15:03:23.649701,8.0,5.0,10.0,6.0,10.0,8.0,10.0,5.0
2025-06-06T15:03:24.650234,8.0,6.0,11.0,8.0,9.0,8.0,11.0,5.0
2025-06-06T15:03:25.651013,8.0,5.0,11.0,7.0,10.0,8.0,10.0,5.0
2025-06-06T15:03:26.651652,9.0,5.0,10.0,7.0,9.0,8.0,12.0,5.0
2025-06-06T15:03:27.653758,8.0,5.0,12.0,8.0,10.0,10.0,10.0,5.0
2025-06-06T15:03:28.654468,8.0,5.0,11.0,7.0,11.0,10.0,10.0,6.0
2025-06-06T15:03:29.655135,9.0,6.0,11.0,8.0,10.0,9.0,11.0,4.0
2025-06-06T15:03:30.657057,8.0,5.0,11.0,7.0,11.0,10.0,10.0,6.0
2025-06-06T15:03:31.657797,9.0,4.0,11.0,7.0,9.0,9.0,11.0,5.0
2025-06-06T15:03:32.658257,8.0,6.0,11.0,7.0,11.0,10.0,10.0,6.0
2025-06-06T15:03:33.658716,9.0,5.0,12.0,9.0,10.0,10.0,11.0,5.0
2025-06-06T15:03:34.660037,8.0,5.0,10.0,7.0,11.0,9.0,10.0,4.0
2025-06-06T15:03:35.661577,8.0,5.0,11.0,7.0,10.0,11.0,11.0,6.0
2025-06-06T15:03:36.662063,8.0,6.0,12.0,8.0,10.0,9.0,11.0,5.0
2025-06-06T15:03:37.662732,8.0,5.0,11.0,7.0,11.0,10.0,10.0,6.0
2025-06-06T15:03:38.663360,7.0,5.0,18.0,7.0,11.0,9.0,19.0,5.0
2025-06-06T15:03:39.664601,9.0,5.0,18.0,8.0,10.0,9.0,18.0,6.0
2025-06-06T15:03:40.665186,7.0,5.0,18.0,7.0,10.0,9.0,17.0,6.0
2025-06-06T15:03:41.666660,8.0,5.0,19.0,7.0,10.0,9.0,18.0,5.0
2025-06-06T15:03:42.667463,7.0,5.0,18.0,7.0,10.0,10.0,17.0,6.0
2025-06-06T15:03:43.671148,8.0,6.0,17.9,7.0,11.0,9.0,17.9,5.0
2025-06-06T15:03:44.672295,8.0,5.0,19.0,7.0,10.0,9.0,16.0,6.0
2025-06-06T15:03:45.672854,8.0,5.0,17.0,7.0,10.0,10.0,18.0,6.0
2025-06-06T15:03:46.673651,8.0,5.0,20.0,7.0,11.0,9.0,17.0,5.0
2025-06-06T15:03:47.675522,7.0,4.0,17.0,7.0,10.0,9.0,18.0,6.0
2025-06-06T15:03:48.679551,9.0,6.0,19.0,8.0,11.0,10.0,18.0,5.0
2025-06-06T15:03:49.684247,7.0,5.0,16.9,7.0,10.0,9.0,16.9,6.0
2025-06-06T15:03:50.685494,8.0,5.0,18.0,7.0,10.0,9.0,17.0,5.0
2025-06-06T15:03:51.687267,8.0,4.0,19.0,7.0,10.0,9.0,17.0,6.0
2025-06-06T15:03:52.688135,7.0,6.0,18.0,8.0,11.0,10.0,17.0,6.0
2025-06-06T15:03:53.689381,9.0,5.0,18.0,7.0,10.0,9.0,18.0,5.0
2025-06-06T15:03:54.691912,7.0,5.0,19.0,6.0,10.0,9.0,17.0,6.0
2025-06-06T15:03:55.692681,9.0,5.0,17.0,8.0,10.0,10.0,17.0,6.0
2025-06-06T15:03:56.694039,8.0,5.0,19.0,7.0,10.0,9.0,17.0,5.0
2025-06-06T15:03:57.694843,7.0,5.0,17.0,7.0,10.0,9.0,17.0,5.0
2025-06-06T15:03:58.695708,9.0,4.0,17.0,7.0,10.0,9.0,18.0,7.0
2025-06-06T15:03:59.699686,7.0,5.0,18.9,6.0,10.0,8.0,16.9,5.0
2025-06-06T15:04:00.701091,7.0,5.0,17.0,7.0,9.0,9.0,17.0,5.0
2025-06-06T15:04:01.702097,9.0,5.0,18.0,6.0,9.0,8.0,17.0,6.0
2025-06-06T15:04:02.703114,6.0,5.0,18.0,8.0,10.0,9.0,17.0,5.0
2025-06-06T15:04:03.704228,9.0,5.0,18.0,6.0,10.0,9.0,17.0,6.0
2025-06-06T15:04:04.704942,8.0,5.0,18.0,7.0,11.0,9.0,17.0,5.0
2025-06-06T15:04:05.705365,7.0,5.0,18.0,7.0,9.0,9.0,16.0,6.0
2025-06-06T15:04:06.705958,9.0,5.0,18.0,8.0,10.0,9.0,17.0,6.0
2025-06-06T15:04:07.707378,7.0,5.0,19.0,7.0,10.0,9.0,18.0,5.0
2025-06-06T15:04:08.708110,9.0,5.0,18.0,7.0,11.0,9.0,17.0,6.0
2025-06-06T15:04:09.709383,7.0,5.0,18.0,7.0,10.0,10.0,17.0,6.0
2025-06-06T15:04:10.710152,10.0,6.0,17.0,7.0,10.0,9.0,17.0,6.0
2025-06-06T15:04:11.711495,7.0,5.0,18.0,7.0,10.0,9.0,17.0,5.0
2025-06-06T15:04:12.712467,8.0,4.0,19.0,8.0,10.0,10.0,17.0,6.0
2025-06-06T15:04:13.713001,8.0,5.0,18.0,7.0,10.0,9.0,17.0,6.0
2025-06-06T15:04:14.713717,8.0,6.0,18.0,6.0,11.0,9.0,17.0,5.0
2025-06-06T15:04:15.714746,9.0,4.0,18.0,8.0,10.0,9.0,17.0,6.0
2025-06-06T15:04:16.716777,7.0,5.0,19.0,7.0,10.0,10.0,17.0,5.0
2025-06-06T15:04:17.717957,9.0,5.0,18.0,7.0,10.0,9.0,17.0,6.0
2025-06-06T15:04:18.720408,8.0,5.0,18.0,7.0,11.0,9.0,17.0,5.0
2025-06-06T15:04:19.720955,8.0,6.0,19.0,8.0,10.0,10.0,17.0,6.0
2025-06-06T15:04:20.721549,7.0,4.0,18.0,7.0,10.0,9.0,17.0,6.0
2025-06-06T15:04:21.722210,8.0,5.0,17.0,7.0,10.0,8.0,17.0,5.0
2025-06-06T15:04:22.722730,9.0,5.0,19.0,7.0,10.0,9.0,16.0,6.0
2025-06-06T15:04:23.724750,6.0,5.0,18.0,7.0,10.0,9.0,17.0,5.0
2025-06-06T15:04:24.725199,9.0,5.0,18.0,7.0,10.0,9.0,17.0,5.0
2025-06-06T15:04:25.725881,7.0,6.0,18.0,7.0,10.0,10.0,16.0,7.0
2025-06-06T15:04:26.726673,8.0,4.0,18.0,7.0,10.0,8.0,18.0,5.0
2025-06-06T15:04:27.727530,9.0,5.0,18.0,7.0,10.0,10.0,17.0,6.0
2025-06-06T15:04:28.728766,8.0,6.0,18.0,7.0,11.0,8.0,17.0,5.0
2025-06-06T15:04:29.729217,8.0,4.0,18.0,7.0,9.0,10.0,16.0,5.0
2025-06-06T15:04:30.731239,8.0,5.0,18.0,7.0,11.0,9.0,17.0,6.0
2025-06-06T15:04:31.732056,7.0,6.0,18.0,7.0,10.0,9.0,17.0,6.0
2025-06-06T15:04:32.733436,8.0,4.0,18.0,7.0,10.0,9.0,17.0,6.0
2025-06-06T15:04:33.734304,8.0,5.0,19.0,7.0,11.0,9.0,17.0,5.0
2025-06-06T15:04:34.735138,9.0,5.0,18.0,7.0,9.0,10.0,17.0,7.0
2025-06-06T15:04:35.735671,8.0,6.0,18.0,8.0,11.0,9.0,16.0,5.0
2025-06-06T15:04:36.736185,8.0,5.0,18.0,7.0,10.0,9.0,18.0,5.0
2025-06-06T15:04:37.736655,7.0,5.0,18.0,7.0,11.0,9.0,16.0,6.0
2025-06-06T15:04:38.738609,8.0,4.0,18.0,7.0,10.0,10.0,17.0,5.0
2025-06-06T15:04:39.739761,9.0,6.0,19.0,7.0,11.0,9.0,17.0,6.0
2025-06-06T15:04:40.741554,7.0,5.0,17.0,8.0,9.0,10.0,17.0,6.0
2025-06-06T15:04:41.744978,8.0,4.0,18.9,7.0,10.0,9.0,17.9,6.0
2025-06-06T15:04:42.746655,8.0,6.0,18.0,7.0,10.0,9.0,15.0,5.0
2025-06-06T15:04:43.747241,9.0,4.0,18.0,7.0,11.0,9.0,18.0,5.0
2025-06-06T15:04:44.747916,7.0,5.0,18.0,7.0,9.0,9.0,16.0,6.0
2025-06-06T15:04:45.751092,8.0,6.0,17.9,8.0,11.0,10.0,16.9,5.0
2025-06-06T15:04:46.751678,8.0,5.0,17.0,6.0,10.0,9.0,17.0,6.0
2025-06-06T15:04:47.752224,8.0,4.0,19.0,7.0,10.0,9.0,17.0,6.0
2025-06-06T15:04:48.755010,9.0,6.0,17.0,7.0,10.0,9.0,16.0,5.0
2025-06-06T15:04:49.755634,7.0,5.0,19.0,7.0,10.0,9.0,17.0,6.0
2025-06-06T15:04:50.757065,8.0,5.0,18.0,7.0,11.0,9.0,16.0,5.0
2025-06-06T15:04:51.759628,8.0,5.0,17.9,7.0,9.0,9.0,16.9,6.0
2025-06-06T15:04:52.763710,7.0,5.0,17.9,8.0,11.0,10.0,15.9,6.0
2025-06-06T15:04:53.764448,9.0,5.0,19.0,7.0,10.0,8.0,17.0,6.0
2025-06-06T15:04:54.765736,7.0,5.0,18.0,6.0,10.0,9.0,17.0,5.0
2025-06-06T15:04:55.767358,7.0,4.0,18.0,7.0,9.0,9.0,17.0,6.0
2025-06-06T15:04:56.773419,8.0,5.0,16.9,7.0,8.9,8.0,15.9,4.0
2025-06-06T15:04:57.774532,7.0,5.0,19.0,6.0,10.0,8.0,17.0,6.0
2025-06-06T15:04:58.775844,8.0,5.0,17.0,7.0,9.0,10.0,17.0,5.0
2025-06-06T15:04:59.776460,8.0,5.0,17.9,7.0,10.0,8.0,15.9,6.0
2025-06-06T15:05:00.783225,7.9,5.0,17.9,7.0,11.0,10.0,15.9,6.0
2025-06-06T15:05:01.783980,10.0,5.0,18.0,7.0,10.0,9.0,18.0,6.0
2025-06-06T15:05:02.785176,7.0,5.0,18.0,7.0,10.0,8.0,16.0,5.0
2025-06-06T15:05:03.786721,8.0,5.0,19.0,7.0,10.0,10.0,17.0,6.0
2025-06-06T15:05:04.789592,7.0,5.0,17.9,8.0,11.0,9.0,16.0,5.0
2025-06-06T15:05:05.790473,8.0,5.0,18.0,7.0,10.0,9.0,17.0,5.0
2025-06-06T15:05:06.791574,8.0,5.0,18.0,7.0,10.0,9.0,17.0,6.0
2025-06-06T15:05:07.792043,9.0,6.0,18.0,8.0,11.0,10.0,17.0,6.0
2025-06-06T15:05:08.792567,7.0,4.0,18.0,6.0,10.0,9.0,16.0,6.0
2025-06-06T15:05:09.793187,8.0,5.0,17.0,8.0,11.0,10.0,18.0,5.0
2025-06-06T15:05:10.793927,8.0,6.0,18.0,7.0,10.0,9.0,17.0,7.0
2025-06-06T15:05:11.796485,8.0,5.0,18.0,7.0,10.0,9.0,16.0,4.0
2025-06-06T15:05:12.797124,8.0,4.0,18.0,7.0,10.0,9.0,17.0,7.0
2025-06-06T15:05:13.798830,9.0,5.0,19.0,8.0,11.0,10.0,17.0,5.0
2025-06-06T15:05:14.799446,8.0,6.0,18.0,7.0,11.0,9.0,17.0,6.0
2025-06-06T15:05:15.799971,8.0,5.0,19.0,7.0,9.0,10.0,17.0,6.0
2025-06-06T15:05:16.800687,8.0,5.0,17.0,8.0,11.0,10.0,17.0,5.0
2025-06-06T15:05:17.802656,7.0,5.0,18.0,7.0,10.0,8.0,17.0,6.0
2025-06-06T15:05:18.803854,8.0,5.0,18.0,7.0,11.0,10.0,17.0,6.0
2025-06-06T15:05:19.804311,8.0,6.0,18.0,7.0,9.0,9.0,17.0,6.0
2025-06-06T15:05:20.806205,8.0,4.0,18.0,7.0,11.0,10.0,16.0,6.0
2025-06-06T15:05:21.806894,8.0,5.0,18.0,7.0,11.0,9.0,16.0,5.0
2025-06-06T15:05:22.807696,8.0,5.0,18.0,7.0,9.0,9.0,17.0,6.0
2025-06-06T15:05:23.808633,7.0,5.0,18.0,8.0,10.0,9.0,17.0,5.0
2025-06-06T15:05:24.810188,8.0,5.0,17.0,7.0,10.0,9.0,16.0,5.0
2025-06-06T15:05:25.811218,9.0,6.0,19.0,7.0,11.0,9.0,17.0,6.0
2025-06-06T15:05:26.811768,7.0,5.0,17.0,7.0,10.0,9.0,16.0,6.0
2025-06-06T15:05:27.812477,7.0,4.0,18.0,7.0,10.0,10.0,17.0,6.0
2025-06-06T15:05:28.813812,9.0,5.0,18.0,7.0,11.0,9.0,17.0,5.0
2025-06-06T15:05:29.814595,7.0,5.0,18.0,7.0,11.0,9.0,16.0,5.0
2025-06-06T15:05:30.816364,8.0,5.0,18.0,8.0,9.0,9.0,17.0,7.0
2025-06-06T15:05:31.816995,8.0,4.0,17.0,6.0,9.0,9.0,16.0,5.0
2025-06-06T15:05:32.817477,6.0,5.0,17.0,6.0,10.0,7.0,16.0,5.0
2025-06-06T15:05:33.818132,8.0,5.0,18.0,8.0,10.0,10.0,17.0,6.0
2025-06-06T15:05:34.820733,7.0,5.0,17.0,6.0,9.0,8.0,16.0,5.0
2025-06-06T15:05:35.822537,8.0,5.0,20.0,8.0,11.0,10.0,17.0,6.0
2025-06-06T15:05:36.825127,9.0,5.0,17.0,7.0,11.0,10.0,18.0,6.0
2025-06-06T15:05:37.825623,8.0,6.0,19.0,7.0,11.0,9.0,16.0,5.0
2025-06-06T15:05:38.826147,9.0,5.0,18.0,7.0,10.0,10.0,17.0,6.0
2025-06-06T15:05:39.826577,7.0,5.0,18.0,8.0,11.0,9.0,16.0,6.0
2025-06-06T15:05:40.827414,9.0,5.0,17.0,7.0,10.0,9.0,17.0,5.0
2025-06-06T15:05:41.828566,7.0,5.0,18.0,7.0,10.0,9.0,17.0,6.0
2025-06-06T15:05:42.831594,9.0,5.0,18.9,8.0,11.0,9.0,16.0,6.0
2025-06-06T15:05:43.832071,7.0,5.0,18.0,7.0,10.0,10.0,16.0,5.0
2025-06-06T15:05:44.832772,9.0,5.0,18.0,7.0,11.0,9.0,16.0,6.0
2025-06-06T15:05:45.834938,7.0,5.0,18.0,7.0,10.0,9.0,17.0,6.0
2025-06-06T15:05:46.837227,9.0,5.0,17.0,7.0,10.0,10.0,17.0,5.0
2025-06-06T15:05:47.838153,7.0,6.0,19.0,7.0,11.0,10.0,16.0,6.0
2025-06-06T15:05:48.838661,8.0,5.0,18.0,7.0,10.0,8.0,17.0,6.0
2025-06-06T15:05:49.839195,9.0,5.0,17.0,7.0,10.0,10.0,16.0,5.0
2025-06-06T15:05:50.839649,7.0,5.0,17.0,7.0,10.0,9.0,17.0,6.0
2025-06-06T15:05:51.840938,8.0,5.0,19.0,8.0,11.0,9.0,16.0,5.0
2025-06-06T15:05:52.842226,8.0,5.0,18.0,7.0,10.0,10.0,17.0,5.0
2025-06-06T15:05:53.844185,8.0,5.0,17.0,7.0,10.0,8.0,16.0,7.0
2025-06-06T15:05:54.845688,8.0,5.0,18.0,8.0,10.0,10.0,17.0,5.0
2025-06-06T15:05:55.846311,8.0,4.0,17.0,7.0,11.0,9.0,15.0,5.0
2025-06-06T15:05:56.846976,7.0,6.0,18.0,7.0,10.0,10.0,17.0,6.0
2025-06-06T15:05:57.847551,9.0,4.0,17.0,6.0,10.0,8.0,16.0,5.0
2025-06-06T15:05:58.850226,7.0,6.0,18.9,8.0,10.0,10.0,16.0,6.0
2025-06-06T15:05:59.852045,9.0,5.0,17.0,6.0,10.0,8.0,17.0,5.0
2025-06-06T15:06:00.853711,8.0,5.0,18.0,8.0,10.0,10.0,16.0,6.0
2025-06-06T15:06:01.854211,7.0,5.0,18.0,7.0,10.0,8.0,17.0,6.0
2025-06-06T15:06:02.854909,9.0,5.0,18.0,6.0,10.9,9.0,15.9,6.0
2025-06-06T15:06:03.861260,7.0,4.0,17.9,8.0,9.0,10.0,16.0,5.0
2025-06-06T15:06:04.861796,9.0,6.0,18.0,7.0,11.0,9.0,17.0,6.0
2025-06-06T15:06:05.862598,7.0,5.0,18.0,8.0,10.0,9.0,15.0,5.0
2025-06-06T15:06:06.863697,9.0,5.0,18.0,7.0,11.0,9.0,16.0,6.0
2025-06-06T15:06:07.864468,7.0,5.0,18.0,7.0,9.0,10.0,17.0,5.0
2025-06-06T15:06:08.865316,10.0,5.0,18.0,7.0,11.0,9.0,17.0,6.0
2025-06-06T15:06:09.866351,7.0,5.0,17.0,8.0,11.0,9.0,16.0,6.0
2025-06-06T15:06:10.867472,8.0,6.0,18.0,6.0,10.0,10.0,16.0,5.0
2025-06-06T15:06:11.868866,7.0,4.0,19.0,7.0,10.0,9.0,17.0,6.0
2025-06-06T15:06:12.870769,10.0,5.0,17.0,8.0,11.0,10.0,16.0,5.0
2025-06-06T15:06:13.871711,6.0,5.0,19.0,7.0,9.0,8.0,16.0,6.0
2025-06-06T15:06:14.872898,9.0,5.0,17.0,7.0,11.0,9.0,16.0,6.0
2025-06-06T15:06:15.874226,8.0,5.0,18.0,8.0,10.0,9.0,16.0,6.0
2025-06-06T15:06:16.874754,7.0,5.0,18.0,6.0,10.0,9.0,16.0,5.0
2025-06-06T15:06:17.875336,9.0,5.0,17.0,7.0,11.0,10.0,17.0,6.0
2025-06-06T15:06:18.876972,7.0,5.0,20.0,7.0,10.0,9.0,17.0,5.0
2025-06-06T15:06:19.877600,9.0,5.0,17.0,8.0,10.0,10.0,16.0,6.0
2025-06-06T15:06:20.878951,8.0,6.0,18.0,7.0,10.0,8.0,15.0,6.0
2025-06-06T15:06:21.880710,8.0,5.0,18.0,7.0,11.0,10.0,16.0,5.0
2025-06-06T15:06:22.881262,8.0,4.0,18.0,7.0,8.0,9.0,16.0,6.0
2025-06-06T15:06:23.882553,9.0,5.0,18.0,8.0,11.0,9.0,17.0,5.0
2025-06-06T15:06:24.883108,7.0,5.0,18.0,7.0,10.0,9.0,16.0,6.0
2025-06-06T15:06:25.884070,8.0,6.0,18.0,6.0,11.0,10.0,15.0,5.0
2025-06-06T15:06:26.884909,9.0,5.0,18.0,7.0,9.0,9.0,17.0,6.0
2025-06-06T15:06:27.887029,7.0,4.0,18.0,8.0,11.0,9.0,16.0,5.0
2025-06-06T15:06:28.887737,8.0,5.0,17.0,6.0,9.0,8.0,17.0,6.0
2025-06-06T15:06:29.888398,9.0,6.0,18.0,7.0,11.0,10.0,16.0,5.0
2025-06-06T15:06:30.890235,8.0,5.0,18.0,8.0,10.0,9.0,16.0,7.0
2025-06-06T15:06:31.891676,7.0,4.0,19.0,6.0,10.0,9.0,17.0,5.0
2025-06-06T15:06:32.892472,8.0,6.0,18.0,7.0,10.0,10.0,16.0,6.0
2025-06-06T15:06:33.893365,9.0,5.0,17.0,7.0,10.0,9.0,15.0,5.0
2025-06-06T15:06:34.894064,8.0,4.0,18.0,8.0,11.0,9.0,17.0,5.0
2025-06-06T15:06:35.894921,7.0,6.0,18.0,7.0,10.0,9.0,15.0,6.0
2025-06-06T15:06:36.895462,8.0,5.0,19.0,7.0,10.0,9.0,16.0,5.0
2025-06-06T15:06:37.896074,8.0,5.0,18.0,7.0,10.0,9.0,16.0,6.0
2025-06-06T15:06:38.896765,8.0,4.0,17.0,7.0,10.0,10.0,16.0,6.0
2025-06-06T15:06:39.898514,8.0,5.0,19.0,7.0,10.0,9.0,16.0,6.0
2025-06-06T15:06:40.899184,8.0,6.0,17.0,7.0,11.0,9.0,16.0,5.0
2025-06-06T15:06:41.899779,8.0,5.0,17.0,8.0,10.0,8.0,16.0,6.0
2025-06-06T15:06:42.900310,8.0,5.0,18.0,6.0,10.0,11.0,15.0,5.0
2025-06-06T15:06:43.902662,8.0,5.0,19.0,7.0,11.0,8.0,17.0,6.0
2025-06-06T15:06:44.903043,8.0,4.0,17.0,7.0,9.0,10.0,16.0,5.0
2025-06-06T15:06:45.903652,6.0,5.0,18.0,7.0,10.0,8.0,15.0,5.0
2025-06-06T15:06:46.904489,7.0,4.0,17.0,6.0,8.0,8.0,17.0,6.0
2025-06-06T15:06:47.905375,5.0,5.0,16.0,6.0,8.0,6.0,16.0,5.0
2025-06-06T15:06:48.910423,8.0,5.0,15.9,4.0,7.0,8.0,13.9,5.0
2025-06-06T15:06:49.913547,5.0,4.0,16.9,6.0,8.0,6.0,15.0,6.0
2025-06-06T15:06:50.914406,6.0,5.0,16.0,5.0,8.0,7.0,16.0,4.0
2025-06-06T15:06:51.922124,6.0,5.0,16.9,6.0,8.0,8.0,15.9,6.0
2025-06-06T15:06:52.929337,6.9,4.0,17.9,6.9,8.9,6.9,15.9,5.0
2025-06-06T15:06:53.932167,8.0,5.0,17.0,6.0,8.0,9.0,16.0,6.0
2025-06-06T15:06:54.935494,7.0,5.0,17.9,7.0,9.0,8.0,15.9,6.0
2025-06-06T15:06:55.936041,7.0,5.0,18.0,7.0,11.0,10.0,16.0,5.0
2025-06-06T15:06:56.936593,8.0,5.0,18.0,6.0,8.0,7.0,16.0,5.0
2025-06-06T15:06:57.937297,7.0,5.0,16.9,7.0,9.0,8.0,14.9,6.0
2025-06-06T15:06:58.942594,6.0,5.0,17.0,5.0,9.0,8.0,17.0,5.0
2025-06-06T15:06:59.943160,6.0,3.0,16.0,5.0,7.0,6.0,14.0,6.0
2025-06-06T15:07:00.946015,6.0,5.0,16.0,5.0,7.0,7.0,14.0,4.0
2025-06-06T15:07:01.946814,7.0,5.0,17.0,8.0,9.0,9.0,16.0,6.0
2025-06-06T15:07:02.948346,9.0,4.0,19.0,6.0,11.0,9.0,17.0,6.0
2025-06-06T15:07:03.949420,8.0,6.0,18.0,8.0,10.0,9.0,15.0,6.0
2025-06-06T15:07:04.949993,8.0,5.0,18.0,7.0,11.0,10.0,17.0,5.0
2025-06-06T15:07:05.950958,9.0,5.0,18.0,8.0,9.0,9.0,16.0,6.0
2025-06-06T15:07:06.953249,8.0,6.0,19.0,6.0,11.0,10.0,16.0,5.0
2025-06-06T15:07:07.953797,7.0,4.0,18.0,7.0,11.0,8.0,16.0,6.0
2025-06-06T15:07:08.954563,9.0,6.0,18.0,8.0,10.0,10.0,16.0,6.0
2025-06-06T15:07:09.956150,7.0,4.0,17.9,6.0,9.0,9.0,15.9,5.0
2025-06-06T15:07:10.959740,7.0,6.0,17.0,6.0,10.0,8.0,15.0,6.0
2025-06-06T15:07:11.960746,8.0,4.0,18.0,8.0,10.0,9.0,16.0,5.0
2025-06-06T15:07:12.961914,8.0,5.0,18.0,7.0,9.0,9.0,16.0,6.0
2025-06-06T15:07:13.962523,8.0,6.0,18.0,7.0,10.0,9.0,16.0,5.0
2025-06-06T15:07:14.963236,8.0,5.0,18.0,7.0,11.0,9.0,16.0,6.0
2025-06-06T15:07:15.963956,7.0,4.0,18.0,8.0,10.0,9.0,17.0,6.0
2025-06-06T15:07:16.964707,10.0,6.0,18.0,6.0,11.0,9.0,16.0,6.0
2025-06-06T15:07:17.965603,7.0,4.0,18.0,7.0,10.0,10.0,15.0,5.0
2025-06-06T15:07:18.967184,9.0,5.0,18.0,8.0,10.0,9.0,16.0,6.0
2025-06-06T15:07:19.968557,8.0,5.0,18.0,7.0,10.0,9.0,17.0,6.0
2025-06-06T15:07:20.969959,8.0,6.0,17.0,7.0,10.0,10.0,15.0,5.0
2025-06-06T15:07:21.970876,8.0,5.0,19.0,8.0,10.0,9.0,16.0,6.0
2025-06-06T15:07:22.971598,7.0,5.0,17.0,7.0,11.0,9.0,16.0,6.0
2025-06-06T15:07:23.972197,9.0,5.0,19.0,7.0,11.0,10.0,16.0,5.0
2025-06-06T15:07:24.972921,8.0,5.0,18.0,7.0,10.0,9.0,15.0,6.0
2025-06-06T15:07:25.975077,9.0,5.0,18.0,7.0,10.0,9.0,16.0,5.0
2025-06-06T15:07:26.975839,7.0,5.0,18.0,8.0,10.0,9.0,16.0,5.0
2025-06-06T15:07:27.978781,8.0,5.0,17.9,6.0,10.0,9.0,16.0,7.0
2025-06-06T15:07:28.979327,8.0,5.0,19.0,8.0,9.0,9.0,15.0,5.0
2025-06-06T15:07:29.980248,7.0,5.0,18.0,7.0,11.0,10.0,17.0,6.0
2025-06-06T15:07:30.981372,7.0,5.0,18.0,7.0,10.0,9.0,15.0,6.0
2025-06-06T15:07:31.982461,10.0,5.0,18.0,7.0,10.0,8.0,16.0,5.0
2025-06-06T15:07:32.983834,8.0,5.0,18.0,7.0,10.0,9.0,15.0,5.0
2025-06-06T15:07:33.984322,8.0,5.0,18.0,7.0,10.0,9.0,16.0,7.0
2025-06-06T15:07:34.985006,9.0,5.0,19.0,7.0,11.0,10.0,17.0,5.0
2025-06-06T15:07:35.986960,7.0,5.0,19.0,8.0,11.0,9.0,16.0,5.0
2025-06-06T15:07:36.987618,9.0,6.0,18.0,7.0,10.0,10.0,15.0,6.0
2025-06-06T15:07:37.988305,7.0,4.0,18.0,7.0,10.0,9.0,16.0,6.0
2025-06-06T15:07:38.989478,9.0,6.0,18.0,8.0,10.0,9.0,16.0,6.0
2025-06-06T15:07:39.990684,7.0,5.0,18.0,6.0,11.0,10.0,16.0,6.0
2025-06-06T15:07:40.991276,9.0,5.0,17.0,7.0,10.0,9.0,15.0,5.0
2025-06-06T15:07:41.992044,8.0,5.0,18.0,8.0,10.0,10.0,17.0,6.0
2025-06-06T15:07:42.992900,8.0,5.0,17.0,7.0,11.0,9.0,15.0,6.0
2025-06-06T15:07:43.993611,8.0,5.0,19.0,7.0,11.0,10.0,17.0,5.0
2025-06-06T15:07:44.995967,9.0,6.0,18.0,9.0,10.0,10.0,16.0,6.0
2025-06-06T15:07:45.997523,8.0,4.0,19.0,6.0,11.0,9.0,16.0,5.0
2025-06-06T15:07:46.998751,8.0,6.0,18.0,8.0,10.0,9.0,15.9,6.0
2025-06-06T15:07:48.001778,8.0,5.0,18.9,7.0,10.0,9.0,16.0,6.0
2025-06-06T15:07:49.002336,8.0,5.0,17.0,8.0,11.0,11.0,16.0,6.0
2025-06-06T15:07:50.003712,8.0,5.0,18.0,7.0,11.0,8.0,16.0,5.0
2025-06-06T15:07:51.004605,7.0,5.0,17.0,6.0,9.0,9.0,15.0,6.0
2025-06-06T15:07:52.006251,8.0,5.0,19.0,7.0,9.0,9.0,16.0,5.0
2025-06-06T15:07:53.007450,8.0,5.0,17.0,6.0,11.0,8.0,16.0,6.0
2025-06-06T15:07:54.010973,8.0,5.0,18.9,8.0,10.0,9.0,17.0,6.0
2025-06-06T15:07:55.013893,7.0,5.0,17.9,7.0,11.0,10.0,16.0,6.0
2025-06-06T15:07:56.015081,9.0,5.0,18.0,7.0,10.0,10.0,16.0,5.0
2025-06-06T15:07:57.017079,8.0,6.0,18.0,7.0,10.0,9.0,16.0,5.0
2025-06-06T15:07:58.018711,8.0,4.0,19.0,8.0,10.0,10.0,16.0,6.0
2025-06-06T15:07:59.019405,8.0,6.0,18.0,7.0,11.0,9.0,15.0,7.0
2025-06-06T15:08:00.020722,7.0,5.0,19.0,8.0,11.0,8.0,16.0,5.0
2025-06-06T15:08:01.021293,9.0,4.0,18.0,7.0,9.0,10.0,16.0,6.0
2025-06-06T15:08:02.023289,7.0,5.0,16.9,7.0,10.0,9.0,14.9,6.0
2025-06-06T15:08:03.026738,9.0,6.0,19.0,7.0,10.0,10.0,15.0,5.0
2025-06-06T15:08:04.027310,7.0,5.0,19.0,7.0,11.0,10.0,17.0,6.0
2025-06-06T15:08:05.027917,8.0,5.0,18.0,8.0,10.0,8.0,16.0,5.0
2025-06-06T15:08:06.028903,8.0,5.0,18.0,6.0,11.0,10.0,15.0,6.0
2025-06-06T15:08:07.029605,8.0,5.0,18.0,8.0,10.0,9.0,15.0,6.0
2025-06-06T15:08:08.030128,8.0,5.0,17.0,7.0,10.0,10.0,15.0,5.0
2025-06-06T15:08:09.030602,8.0,5.0,18.0,7.0,9.0,8.0,16.0,5.0
2025-06-06T15:08:10.031194,8.0,5.0,18.0,7.0,11.0,9.0,16.0,6.0
2025-06-06T15:08:11.031969,7.0,6.0,18.0,7.0,10.0,10.0,15.0,5.0
2025-06-06T15:08:12.032656,8.0,5.0,18.0,7.0,11.0,9.0,15.0,6.0
2025-06-06T15:08:13.033096,7.0,4.0,18.0,8.0,9.0,9.0,16.0,6.0
2025-06-06T15:08:14.034839,9.0,5.0,18.0,6.0,11.0,9.0,15.0,6.0
2025-06-06T15:08:15.037105,7.0,6.0,18.0,8.0,9.0,10.0,15.0,6.0
2025-06-06T15:08:16.037792,7.0,4.0,18.0,7.0,11.0,9.0,15.0,5.0
2025-06-06T15:08:17.038232,9.0,6.0,18.0,7.0,10.0,9.0,16.0,5.0
2025-06-06T15:08:18.039261,7.0,5.0,18.0,6.0,10.0,9.0,16.0,6.0
2025-06-06T15:08:19.041071,8.0,5.0,18.0,8.0,10.0,9.0,15.0,6.0
2025-06-06T15:08:20.042603,8.0,5.0,18.0,7.0,10.0,9.0,15.0,5.0
2025-06-06T15:08:21.044324,8.0,5.0,17.0,8.0,10.0,9.0,16.0,6.0
2025-06-06T15:08:22.044963,8.0,4.0,19.0,7.0,10.0,9.0,15.0,6.0
2025-06-06T15:08:23.045382,7.0,5.0,18.0,6.0,10.0,9.0,14.0,4.0
2025-06-06T15:08:24.045879,7.0,6.0,17.0,7.0,10.0,9.0,16.0,7.0
2025-06-06T15:08:25.046622,8.0,4.0,18.0,7.0,10.0,10.0,16.0,6.0
2025-06-06T15:08:26.047580,9.0,6.0,18.0,7.0,10.0,9.0,15.0,4.0
2025-06-06T15:08:27.048000,7.0,5.0,18.0,7.0,10.0,9.0,15.0,6.0
2025-06-06T15:08:28.051028,7.0,5.0,18.9,7.0,10.0,9.0,15.0,6.0
2025-06-06T15:08:29.051512,9.0,5.0,16.0,8.0,10.0,9.0,15.0,5.0
2025-06-06T15:08:30.053642,8.0,5.0,18.0,7.0,11.0,9.0,15.0,6.0
2025-06-06T15:08:31.054409,7.0,5.0,19.0,7.0,10.0,9.0,16.0,6.0
2025-06-06T15:08:32.054864,7.0,5.0,18.0,7.0,10.0,10.0,15.0,5.0
2025-06-06T15:08:33.056199,9.0,5.0,18.0,7.0,10.0,8.0,15.0,6.0
2025-06-06T15:08:34.056891,7.0,5.0,17.0,7.0,10.0,9.0,15.0,5.0
2025-06-06T15:08:35.058076,8.0,5.0,18.0,7.0,10.0,10.0,15.0,6.0
2025-06-06T15:08:36.061198,8.0,4.0,17.9,7.0,10.0,9.0,16.0,6.0
2025-06-06T15:08:37.063296,8.0,6.0,19.0,8.0,10.0,9.0,15.0,6.0
2025-06-06T15:08:38.064557,8.0,5.0,18.0,7.0,9.0,10.0,16.0,5.0
2025-06-06T15:08:39.065195,8.0,5.0,17.0,7.0,11.0,9.0,15.0,5.0
2025-06-06T15:08:40.066654,8.0,6.0,19.0,7.0,10.0,9.0,15.0,7.0
2025-06-06T15:08:41.067431,8.0,4.0,18.0,7.0,10.0,9.0,15.0,6.0
2025-06-06T15:08:42.069141,7.0,5.0,18.0,8.0,9.0,9.0,16.0,5.0
2025-06-06T15:08:43.071117,9.0,6.0,18.0,6.0,11.0,9.0,15.0,5.0
2025-06-06T15:08:44.071923,7.0,4.0,19.0,7.0,10.0,10.0,15.0,5.0
2025-06-06T15:08:45.074045,8.0,5.0,17.0,8.0,10.0,9.0,16.0,6.0
2025-06-06T15:08:46.077684,8.0,5.0,17.9,7.0,10.0,10.0,14.9,6.0
2025-06-06T15:08:47.080312,8.0,5.0,18.0,7.0,10.0,8.0,16.0,6.0
2025-06-06T15:08:48.082478,8.0,5.0,18.0,7.0,10.0,10.0,14.0,5.0
2025-06-06T15:08:49.083078,8.0,5.0,19.0,8.0,10.0,9.0,17.0,6.0
2025-06-06T15:08:50.083952,8.0,5.0,18.0,6.0,11.0,9.0,14.0,6.0
2025-06-06T15:08:51.084547,7.0,6.0,18.0,8.0,10.0,9.0,15.0,5.0
2025-06-06T15:08:52.085052,8.0,5.0,18.0,8.0,10.0,10.0,16.0,6.0
2025-06-06T15:08:53.086666,8.0,4.0,18.0,7.0,10.0,10.0,15.0,6.0
2025-06-06T15:08:54.087447,9.0,6.0,18.0,7.0,10.0,8.0,15.0,6.0
2025-06-06T15:08:55.089195,7.0,5.0,18.0,7.0,11.0,10.0,15.0,5.0
2025-06-06T15:08:56.090047,8.0,5.0,18.0,7.0,9.0,9.0,15.0,5.0
2025-06-06T15:08:57.091039,8.0,5.0,18.0,7.0,10.0,9.0,15.0,6.0
2025-06-06T15:08:58.094663,8.0,4.0,17.9,7.0,10.0,8.0,15.0,6.0
2025-06-06T15:08:59.096272,7.0,5.0,17.0,6.0,9.0,9.0,15.0,5.0
2025-06-06T15:09:00.099087,7.0,5.0,17.0,7.0,9.0,8.0,14.9,6.0
2025-06-06T15:09:01.102884,8.0,5.0,17.9,6.0,9.0,9.0,15.0,5.0
2025-06-06T15:09:02.106139,8.0,5.0,17.9,7.0,10.0,9.0,14.0,6.0
2025-06-06T15:09:03.108511,7.0,5.0,18.0,7.0,10.0,8.0,15.9,5.0
2025-06-06T15:09:04.110211,7.0,5.0,18.0,7.0,9.0,10.0,15.0,6.0
2025-06-06T15:09:05.112336,8.0,5.0,18.0,7.0,10.0,9.0,15.0,5.0
2025-06-06T15:09:06.113032,8.0,5.0,18.0,7.0,11.0,9.0,15.0,6.0
2025-06-06T15:09:07.114205,9.0,5.0,18.0,8.0,10.0,9.0,15.0,6.0
2025-06-06T15:09:08.114733,7.0,5.0,18.0,6.0,10.0,10.0,15.0,5.0
2025-06-06T15:09:09.116295,8.0,5.0,18.0,7.0,11.0,10.0,17.0,6.0
2025-06-06T15:09:10.117142,8.0,5.0,19.0,8.0,9.0,9.0,14.0,6.0
2025-06-06T15:09:11.119030,8.0,5.0,18.0,7.0,11.0,9.0,16.0,6.0
2025-06-06T15:09:12.119990,8.0,5.0,18.0,7.0,10.0,10.0,14.0,5.0
2025-06-06T15:09:13.120946,8.0,6.0,17.0,8.0,10.0,9.0,16.0,6.0
2025-06-06T15:09:14.123340,8.0,4.0,18.0,7.0,10.0,9.0,15.0,5.0
2025-06-06T15:09:15.124044,9.0,5.0,19.0,7.0,10.0,9.0,15.0,5.0
2025-06-06T15:09:16.126701,8.0,5.0,18.0,7.0,9.0,9.0,16.0,6.0
2025-06-06T15:09:17.127280,7.0,5.0,17.0,7.0,11.0,10.0,15.0,6.0
2025-06-06T15:09:18.128523,8.0,6.0,19.0,7.0,9.0,9.0,15.0,5.0
2025-06-06T15:09:19.130087,8.0,4.0,18.0,8.0,11.0,9.0,15.0,7.0
2025-06-06T15:09:20.130548,8.0,5.0,17.0,7.0,10.0,9.0,16.0,5.0
2025-06-06T15:09:21.131091,8.0,6.0,18.0,7.0,9.0,9.0,15.0,5.0
2025-06-06T15:09:22.132267,8.0,4.0,19.0,7.0,11.0,10.0,16.0,6.0
2025-06-06T15:09:23.133043,8.0,5.0,18.0,7.0,10.0,9.0,14.0,5.0
2025-06-06T15:09:24.134591,8.0,6.0,18.0,7.0,10.0,9.0,15.0,7.0
2025-06-06T15:09:25.135229,8.0,4.0,18.0,8.0,10.0,10.0,16.0,6.0
2025-06-06T15:09:26.135872,8.0,5.0,18.0,7.0,10.0,9.0,15.0,5.0
2025-06-06T15:09:27.136521,8.0,5.0,18.0,7.0,10.0,9.0,15.0,6.0
2025-06-06T15:09:28.139317,9.0,6.0,18.0,7.0,11.0,9.0,16.0,5.0
2025-06-06T15:09:29.141865,7.0,5.0,18.0,7.0,9.0,9.0,14.0,6.0
2025-06-06T15:09:30.142887,8.0,5.0,18.0,7.0,11.0,10.0,16.0,5.0
2025-06-06T15:09:31.145557,8.0,5.0,18.0,8.0,9.0,9.0,14.9,6.0
2025-06-06T15:09:32.149194,8.0,5.0,17.9,7.0,10.0,9.0,15.0,6.0
2025-06-06T15:09:33.149701,9.0,5.0,18.0,7.0,10.0,10.0,15.0,5.0
2025-06-06T15:09:34.151931,8.0,6.0,17.9,7.0,10.0,9.0,15.0,6.0
2025-06-06T15:09:35.153404,8.0,4.0,18.0,7.0,11.0,9.0,15.0,5.0
2025-06-06T15:09:36.156584,7.0,5.0,17.9,8.0,10.0,9.0,15.0,7.0
2025-06-06T15:09:37.158018,9.0,5.0,18.0,7.0,10.0,10.0,15.0,5.0
2025-06-06T15:09:38.159105,7.0,5.0,18.0,7.0,10.0,9.0,15.0,5.0
2025-06-06T15:09:39.160423,8.0,6.0,19.0,6.0,10.0,9.0,15.0,6.0
2025-06-06T15:09:40.161429,8.0,5.0,18.0,8.0,10.0,9.0,16.0,6.0
2025-06-06T15:09:41.162059,9.0,4.0,18.0,7.0,10.0,9.0,14.0,5.0
2025-06-06T15:09:42.163051,7.0,6.0,17.0,8.0,10.0,9.0,15.0,6.0
2025-06-06T15:09:43.163955,9.0,5.0,19.0,7.0,10.0,9.0,15.0,6.0
2025-06-06T15:09:44.164497,7.0,5.0,17.0,7.0,11.0,10.0,16.0,5.0
2025-06-06T15:09:45.165143,7.0,5.0,18.0,7.0,9.0,9.0,14.0,6.0
2025-06-06T15:09:46.165714,10.0,5.0,18.0,8.0,11.0,10.0,16.0,6.0
2025-06-06T15:09:47.166305,6.0,5.0,18.0,7.0,9.0,9.0,14.0,4.0
2025-06-06T15:09:48.167701,9.0,4.0,18.0,6.0,10.0,9.0,15.0,7.0
2025-06-06T15:09:49.168608,7.0,6.0,18.0,8.0,11.0,10.0,15.0,6.0
2025-06-06T15:09:50.171580,9.0,5.0,18.9,7.0,10.0,8.0,14.9,5.0
2025-06-06T15:09:51.173558,7.0,5.0,18.0,7.0,9.0,10.0,15.0,6.0
2025-06-06T15:09:52.174344,8.0,5.0,18.0,7.0,10.0,10.0,15.0,5.0
2025-06-06T15:09:53.174985,9.0,5.0,18.0,8.0,10.0,9.0,15.0,6.0
2025-06-06T15:09:54.175934,7.0,5.0,18.0,6.0,10.0,9.0,16.0,5.0
2025-06-06T15:09:55.177619,9.0,5.0,18.0,8.0,10.0,9.0,14.0,6.0
2025-06-06T15:09:56.178344,7.0,5.0,18.0,7.0,10.0,9.0,16.0,5.0
2025-06-06T15:09:57.179322,9.0,5.0,18.0,7.0,11.0,10.0,14.0,7.0
2025-06-06T15:09:58.181208,7.0,5.0,18.0,7.0,10.0,10.0,16.0,6.0
2025-06-06T15:09:59.182075,8.0,5.0,18.0,7.0,9.0,9.0,15.0,4.0
2025-06-06T15:10:00.183373,9.0,5.0,18.0,8.0,11.0,9.0,14.0,6.0
2025-06-06T15:10:01.183835,7.0,6.0,18.0,6.0,9.0,9.0,15.0,7.0
2025-06-06T15:10:02.184414,9.0,5.0,18.0,8.0,10.0,10.0,15.0,5.0
2025-06-06T15:10:03.185042,7.0,5.0,18.0,7.0,11.0,9.0,15.0,5.0
2025-06-06T15:10:04.185944,9.0,4.0,18.0,8.0,10.0,9.0,15.0,7.0
2025-06-06T15:10:05.189826,8.0,6.0,18.0,7.0,10.0,9.0,15.0,5.0
2025-06-06T15:10:06.190954,7.0,5.0,18.0,6.0,10.0,9.0,15.0,5.0
2025-06-06T15:10:07.192954,8.0,5.0,18.0,8.0,10.0,10.0,14.0,7.0
2025-06-06T15:10:08.193765,8.0,5.0,18.0,7.0,10.0,9.0,15.0,5.0
2025-06-06T15:10:09.194904,9.0,5.0,18.0,7.0,10.0,9.0,16.0,5.0
2025-06-06T15:10:10.196686,8.0,5.0,18.0,8.0,10.0,10.0,14.0,6.0
2025-06-06T15:10:11.199188,8.0,5.0,18.0,7.0,10.0,9.0,16.0,5.0
2025-06-06T15:10:12.199801,8.0,5.0,19.0,6.0,11.0,9.0,15.0,6.0
2025-06-06T15:10:13.202456,9.0,5.0,18.0,7.0,9.0,10.0,15.0,5.0
2025-06-06T15:10:14.206675,8.0,5.0,17.9,8.0,10.0,8.0,13.9,6.0
2025-06-06T15:10:15.207522,7.0,5.0,18.0,7.0,11.0,9.0,15.0,6.0
2025-06-06T15:10:16.209700,9.0,5.0,18.0,8.0,10.0,10.0,15.0,6.0
2025-06-06T15:10:17.211433,8.0,5.0,18.0,6.0,9.0,9.0,15.0,5.0
2025-06-06T15:10:18.211940,8.0,5.0,18.0,7.0,11.0,9.0,14.0,6.0
2025-06-06T15:10:19.212639,7.0,5.0,18.0,7.0,9.0,10.0,16.0,5.0
2025-06-06T15:10:20.216167,9.0,5.0,17.9,7.0,10.0,8.0,14.0,5.0
2025-06-06T15:10:21.217374,8.0,5.0,18.0,8.0,11.0,10.0,15.0,6.0
2025-06-06T15:10:22.217811,8.0,5.0,18.0,7.0,9.0,9.0,15.0,7.0
2025-06-06T15:10:23.218190,8.0,5.0,18.0,7.0,10.0,9.0,14.0,5.0
2025-06-06T15:10:24.218873,8.0,6.0,18.0,7.0,10.0,9.0,16.0,6.0
2025-06-06T15:10:25.219374,8.0,5.0,18.0,8.0,11.0,10.0,14.0,6.0
2025-06-06T15:10:26.221906,7.0,5.0,18.0,7.0,10.0,9.0,14.0,5.0
2025-06-06T15:10:27.223302,10.0,5.0,18.0,7.0,9.0,9.0,16.0,6.0
2025-06-06T15:10:28.225089,7.0,5.0,18.0,7.0,11.0,10.0,15.0,6.0
2025-06-06T15:10:29.226139,8.0,5.0,16.9,7.0,10.0,9.0,14.0,4.0
2025-06-06T15:10:30.228579,8.0,5.0,19.0,8.0,11.0,9.0,15.0,6.0
2025-06-06T15:10:31.229380,8.0,5.0,18.0,7.0,8.0,9.0,15.0,6.0
2025-06-06T15:10:32.229873,8.0,5.0,17.0,7.0,11.0,9.0,14.0,5.0
2025-06-06T15:10:33.230293,8.0,6.0,18.0,8.0,10.0,10.0,15.0,6.0
2025-06-06T15:10:34.231281,9.0,5.0,19.0,7.0,10.0,10.0,15.0,6.0
2025-06-06T15:10:35.232140,7.0,4.0,17.0,7.0,10.0,9.0,15.0,6.0
2025-06-06T15:10:36.232619,9.0,6.0,20.0,7.0,11.0,10.0,15.0,6.0
2025-06-06T15:10:37.233235,7.0,5.0,17.0,8.0,9.0,9.0,14.0,5.0
2025-06-06T15:10:38.234568,9.0,5.0,18.0,6.0,10.0,9.0,15.0,7.0
2025-06-06T15:10:39.237486,8.0,4.0,18.9,8.0,11.0,10.0,14.9,5.0
2025-06-06T15:10:40.239685,9.0,6.0,18.0,8.0,10.0,9.0,15.0,6.0
2025-06-06T15:10:41.241430,8.0,5.0,18.0,7.0,10.0,9.0,15.0,5.0
2025-06-06T15:10:42.242002,9.0,5.0,18.0,7.0,11.0,10.0,14.0,6.0
2025-06-06T15:10:43.242591,7.0,6.0,18.0,7.0,10.0,10.0,16.0,6.0
2025-06-06T15:10:44.244713,8.0,5.0,18.0,7.0,10.0,9.0,14.0,5.0
2025-06-06T15:10:45.245791,9.0,4.0,18.0,7.0,9.0,9.0,15.0,6.0
2025-06-06T15:10:46.247523,7.0,6.0,18.0,7.0,11.0,9.0,15.0,5.0
2025-06-06T15:10:47.249653,8.0,4.0,18.0,8.0,9.0,9.0,14.0,6.0
2025-06-06T15:10:48.250282,8.0,6.0,19.0,6.0,10.0,9.0,15.0,6.0
2025-06-06T15:10:49.253658,9.0,4.0,16.9,8.0,10.0,9.0,14.9,6.0
2025-06-06T15:10:50.254267,8.0,5.0,18.0,7.0,11.0,9.0,14.0,5.0
2025-06-06T15:10:51.256098,8.0,5.0,17.0,7.0,10.0,11.0,15.0,6.0
2025-06-06T15:10:52.257148,8.0,6.0,19.0,8.0,10.0,9.0,14.0,5.0
2025-06-06T15:10:53.263115,8.0,4.0,17.9,7.0,9.9,8.9,14.9,6.0
2025-06-06T15:10:54.264599,8.0,6.0,18.0,8.0,10.0,9.0,15.0,6.0
2025-06-06T15:10:55.265432,8.0,5.0,18.0,7.0,10.0,10.0,15.0,6.0
2025-06-06T15:10:56.267262,9.0,5.0,19.0,7.0,10.0,9.0,15.0,5.0
2025-06-06T15:10:57.268477,6.0,5.0,17.0,7.0,10.0,9.0,13.0,6.0
2025-06-06T15:10:58.268988,9.0,5.0,18.0,7.0,10.0,10.0,15.0,6.0
2025-06-06T15:10:59.269988,8.0,5.0,18.0,7.0,10.0,9.0,14.0,5.0
2025-06-06T15:11:00.270681,7.0,5.0,18.0,8.0,10.0,9.0,15.0,6.0
2025-06-06T15:11:01.271733,9.0,5.0,18.0,7.0,9.0,9.0,14.0,5.0
2025-06-06T15:11:02.272328,7.0,5.0,19.0,7.0,11.0,9.0,15.0,6.0
2025-06-06T15:11:03.272881,8.0,5.0,17.0,7.0,9.0,9.0,15.0,6.0
2025-06-06T15:11:04.273549,8.0,6.0,18.0,7.0,11.0,10.0,14.0,6.0
2025-06-06T15:11:05.276036,9.0,4.0,18.0,7.0,10.0,9.0,14.0,5.0
2025-06-06T15:11:06.276583,7.0,6.0,19.0,7.0,11.0,9.0,16.0,6.0
2025-06-06T15:11:07.278311,9.0,5.0,17.0,8.0,9.0,10.0,14.0,6.0
2025-06-06T15:11:08.279177,7.0,5.0,19.0,7.0,10.0,9.0,15.0,5.0
2025-06-06T15:11:09.279913,8.0,5.0,17.0,7.0,10.0,9.0,15.0,6.0
2025-06-06T15:11:10.280920,8.0,5.0,18.0,8.0,11.0,10.0,15.0,6.0
2025-06-06T15:11:11.282890,8.0,4.0,18.0,7.0,10.0,9.0,14.0,5.0
2025-06-06T15:11:12.284399,8.0,5.0,18.0,7.0,10.0,9.0,14.0,6.0
2025-06-06T15:11:13.284894,8.0,6.0,17.0,7.0,9.0,9.0,15.0,6.0
2025-06-06T15:11:14.285335,8.0,5.0,19.0,7.0,9.0,10.0,14.0,5.0
2025-06-06T15:11:15.285730,8.0,5.0,18.0,7.0,11.0,9.0,14.0,7.0
2025-06-06T15:11:16.286219,8.0,6.0,18.0,8.0,10.0,9.0,15.0,5.0
2025-06-06T15:11:17.287863,8.0,4.0,18.0,7.0,10.0,10.0,14.0,5.0
2025-06-06T15:11:18.288411,8.0,5.0,18.0,7.0,10.0,9.0,15.0,6.0
2025-06-06T15:11:19.290659,9.0,6.0,18.0,8.0,11.0,9.0,15.0,6.0
2025-06-06T15:11:20.292937,7.0,4.0,18.0,6.0,9.0,9.0,13.0,4.0
2025-06-06T15:11:21.294089,9.0,5.0,18.0,7.0,10.0,10.0,16.0,6.0
2025-06-06T15:11:22.295076,7.0,6.0,19.0,8.0,10.0,8.0,14.0,6.0
2025-06-06T15:11:23.296477,8.0,5.0,17.0,7.0,10.0,10.0,14.0,6.0
2025-06-06T15:11:24.297008,8.0,5.0,18.0,6.0,10.0,9.0,14.0,6.0
2025-06-06T15:11:25.297860,8.0,4.0,18.0,8.0,10.0,9.0,15.0,5.0
2025-06-06T15:11:26.299949,8.0,6.0,18.0,7.0,10.0,9.0,15.0,6.0
2025-06-06T15:11:27.301573,8.0,4.0,18.0,7.0,9.0,10.0,14.0,6.0
2025-06-06T15:11:28.302073,8.0,6.0,17.0,8.0,11.0,9.0,14.0,5.0
2025-06-06T15:11:29.302565,7.0,4.0,19.0,7.0,9.0,9.0,15.0,6.0
2025-06-06T15:11:30.303284,8.0,6.0,18.0,7.0,10.0,9.0,15.0,6.0
2025-06-06T15:11:31.304419,8.0,5.0,18.0,7.0,10.0,10.0,14.0,5.0
2025-06-06T15:11:32.305262,7.0,5.0,19.0,7.0,10.0,9.0,14.0,6.0
2025-06-06T15:11:33.305752,8.0,5.0,18.0,7.0,10.0,8.0,14.0,5.0
2025-06-06T15:11:34.306432,9.0,5.0,18.0,8.0,9.0,10.0,15.0,6.0
2025-06-06T15:11:35.306970,7.0,5.0,18.0,6.0,11.0,9.0,14.0,6.0
2025-06-06T15:11:36.307548,8.0,5.0,18.0,8.0,10.0,9.0,14.0,5.0
2025-06-06T15:11:37.308214,8.0,5.0,19.0,7.0,10.0,9.0,15.0,6.0
2025-06-06T15:11:38.310408,9.0,5.0,17.0,7.0,10.0,9.0,14.0,5.0
2025-06-06T15:11:39.311215,7.0,5.0,19.0,7.0,9.0,9.0,15.0,6.0
2025-06-06T15:11:40.312516,8.0,4.0,18.0,7.0,11.0,9.0,14.0,5.0
2025-06-06T15:11:41.313485,9.0,5.0,17.0,7.0,9.0,10.0,14.0,6.0
2025-06-06T15:11:42.314002,7.0,6.0,17.0,8.0,11.0,9.0,14.0,5.0
2025-06-06T15:11:43.314848,8.0,5.0,19.0,7.0,9.0,10.0,14.0,6.0
2025-06-06T15:11:44.315407,8.0,4.0,17.0,7.0,10.0,9.0,15.0,6.0
2025-06-06T15:11:45.316506,9.0,6.0,19.0,6.0,10.0,9.0,14.0,5.0
2025-06-06T15:11:46.317303,7.0,5.0,18.0,8.0,10.0,9.0,14.0,6.0
2025-06-06T15:11:47.319527,8.0,5.0,18.0,7.0,9.9,9.0,13.9,5.0
2025-06-06T15:11:48.323256,9.0,5.0,17.9,7.0,10.0,10.0,15.0,6.0
2025-06-06T15:11:49.323854,8.0,5.0,18.0,7.0,10.0,10.0,13.0,6.0
2025-06-06T15:11:50.325086,8.0,5.0,18.0,8.0,10.0,9.0,15.0,5.0
2025-06-06T15:11:51.325858,8.0,6.0,18.0,6.0,10.0,9.0,15.0,7.0
2025-06-06T15:11:52.326505,8.0,4.0,18.0,8.0,10.0,9.0,14.0,5.0
2025-06-06T15:11:53.327254,8.0,5.0,18.0,7.0,9.0,10.0,14.0,5.0
2025-06-06T15:11:54.327879,7.0,5.0,18.0,7.0,11.0,9.0,14.0,6.0
2025-06-06T15:11:55.328682,8.0,5.0,17.0,8.0,10.0,9.0,15.0,6.0
2025-06-06T15:11:56.329186,9.0,5.0,18.0,7.0,9.0,10.0,14.0,6.0
2025-06-06T15:11:57.330323,8.0,6.0,19.0,7.0,11.0,8.0,14.0,5.0
2025-06-06T15:11:58.332587,7.0,4.0,18.0,7.0,9.0,9.0,14.0,5.0
2025-06-06T15:11:59.335965,8.0,5.0,17.9,6.0,10.0,10.0,14.0,6.0
2025-06-06T15:12:00.337892,8.0,6.0,18.0,9.0,10.0,10.0,15.0,6.0
2025-06-06T15:12:01.338485,8.0,5.0,17.0,7.0,10.0,9.0,15.0,5.0
2025-06-06T15:12:02.339790,9.0,5.0,19.0,7.0,10.0,9.0,14.0,6.0
2025-06-06T15:12:03.340457,7.0,5.0,17.0,7.0,10.0,10.0,14.0,5.0
2025-06-06T15:12:04.343104,8.0,5.0,18.0,7.0,10.0,9.0,14.0,6.0
2025-06-06T15:12:05.344260,8.0,5.0,18.0,7.0,10.0,9.0,14.0,5.0
2025-06-06T15:12:06.344928,8.0,5.0,18.0,7.0,10.0,9.0,14.0,6.0
2025-06-06T15:12:07.345464,8.0,5.0,18.0,8.0,10.0,10.0,15.0,6.0
2025-06-06T15:12:08.349072,7.0,4.0,17.9,6.0,10.0,8.0,13.9,6.0
2025-06-06T15:12:09.351381,10.0,6.0,18.0,8.0,9.0,10.0,14.0,6.0
2025-06-06T15:12:10.353012,7.0,5.0,17.0,7.0,11.0,9.0,13.9,5.0
2025-06-06T15:12:11.357051,8.0,5.0,17.9,7.0,9.0,9.0,15.0,6.0
2025-06-06T15:12:12.358060,7.0,5.0,16.0,6.0,9.0,8.0,13.0,5.0
2025-06-06T15:12:13.362193,7.0,5.0,16.9,7.0,9.0,10.0,14.0,6.0
2025-06-06T15:12:14.362711,7.0,5.0,16.0,7.0,10.0,8.0,14.0,6.0
2025-06-06T15:12:15.364254,8.0,5.0,19.0,7.0,9.0,10.0,14.0,5.0
2025-06-06T15:12:16.365745,8.0,6.0,18.0,8.0,10.0,9.0,14.0,5.0
2025-06-06T15:12:17.366396,7.0,5.0,19.0,7.0,10.0,9.0,14.0,6.0
2025-06-06T15:12:18.367457,8.0,4.0,15.0,7.0,10.0,10.0,12.0,6.0
